frame,joint0_x,joint0_y,joint0_z,joint1_x,joint1_y,joint1_z,joint2_x,joint2_y,joint2_z,joint3_x,joint3_y,joint3_z,joint4_x,joint4_y,joint4_z,joint5_x,joint5_y,joint5_z,joint6_x,joint6_y,joint6_z,joint7_x,joint7_y,joint7_z,joint8_x,joint8_y,joint8_z,joint9_x,joint9_y,joint9_z,joint10_x,joint10_y,joint10_z,joint11_x,joint11_y,joint11_z,joint12_x,joint12_y,joint12_z,joint13_x,joint13_y,joint13_z,joint14_x,joint14_y,joint14_z,joint15_x,joint15_y,joint15_z,joint16_x,joint16_y,joint16_z,joint17_x,joint17_y,joint17_z,joint18_x,joint18_y,joint18_z,joint19_x,joint19_y,joint19_z,joint20_x,joint20_y,joint20_z,joint21_x,joint21_y,joint21_z,joint22_x,joint22_y,joint22_z,joint23_x,joint23_y,joint23_z
0,-1.4011223,-0.0746946,7.162851,-1.3668195,0.019472174,7.2148438,-1.423798,0.010382995,7.095702,-1.4363698,-0.174937,7.1840944,-1.440198,0.38952953,7.167952,-1.165942,0.19797547,6.876206,-1.4419643,-0.30881053,7.163404,-1.8177385,0.4971599,7.244552,-1.0873319,0.5663979,7.0104485,-1.4479493,-0.36344796,7.147454,-1.8371066,0.6278674,7.231172,-1.0200273,0.6024797,6.9016943,-1.5355316,-0.5579413,7.153307,-1.4425197,-0.49756312,7.1995087,-1.564411,-0.44516784,7.123655,-1.5360097,-0.6327758,7.1153216,-1.3844202,-0.56769544,7.2137322,-1.6409088,-0.45881057,7.0647955,-1.1920694,-0.6435098,7.056444,-1.7347648,-0.39381224,6.839402,-1.40773,-0.6390152,6.9376373,-1.6499646,-0.6302029,6.8052955,-1.4798316,-0.67857367,6.923126,-1.6006355,-0.69271,6.780951
1,-1.3967016,-0.07247542,7.1720047,-1.3624294,0.021857806,7.2237153,-1.4194115,0.012394071,7.1046047,-1.4319118,-0.17266685,7.193548,-1.439471,0.39109448,7.176233,-1.1599386,0.20253128,6.8892426,-1.4377486,-0.3067486,7.1743245,-1.8179624,0.49768293,7.2495275,-1.0795369,0.5710027,7.022284,-1.4437926,-0.36145356,7.1586304,-1.8363222,0.6280401,7.2319627,-1.0119452,0.608135,6.914063,-1.5310549,-0.5560082,7.166779,-1.4379748,-0.49502102,7.212034,-1.5602111,-0.4435874,7.1360774,-1.5308031,-0.6313454,7.1297984,-1.3802017,-0.5654273,7.226233,-1.636299,-0.45899126,7.0771213,-1.1867646,-0.63834107,7.068906,-1.7268504,-0.40452793,6.8476214,-1.4026303,-0.63941455,6.950392,-1.6383139,-0.6399715,6.8165965,-1.4744307,-0.67965686,6.936273,-1.5911382,-0.7046462,6.7936883
2,-1.383493,-0.07193138,7.167607,-1.3481417,0.021757975,7.21976,-1.4071525,0.013719797,7.1015353,-1.4185553,-0.17228198,7.188645,-1.4203789,0.39236045,7.175473,-1.1483747,0.20617856,6.8874025,-1.4251046,-0.30630714,7.169257,-1.7987607,0.49397725,7.2560344,-1.068679,0.5722573,7.0272975,-1.4309024,-0.36096013,7.153291,-1.8178115,0.6244544,7.2401795,-1.0040795,0.6138474,6.9188704,-1.5172027,-0.5559421,7.161468,-1.4248011,-0.49430162,7.2072253,-1.5467079,-0.44378823,7.13013,-1.5163412,-0.63069797,7.123335,-1.3674538,-0.56489974,7.222178,-1.6215332,-0.46108872,7.0700936,-1.1758784,-0.64135456,7.0642548,-1.6972579,-0.41991282,6.832594,-1.3900938,-0.6415997,6.9427786,-1.607421,-0.65672165,6.823332,-1.4623175,-0.6810646,6.9286246,-1.586796,-0.7372699,6.827776
3,-1.3667294,-0.07412587,7.15744,-1.3287836,0.0189595,7.208846,-1.3911561,0.01201424,7.09229,-1.4024323,-0.17410243,7.17917,-1.3964427,0.3902152,7.162833,-1.1366643,0.20812882,6.876345,-1.4114472,-0.3080974,7.1605797,-1.7746136,0.4818025,7.255501,-1.0524039,0.57715905,7.0053897,-1.4175514,-0.362694,7.144535,-1.7944187,0.6121899,7.2398334,-0.98955464,0.6160371,6.894946,-1.5042825,-0.5574374,7.1537743,-1.4115366,-0.49585864,7.1989145,-1.5336541,-0.4453239,7.122167,-1.5013652,-0.6314193,7.114259,-1.3538631,-0.56620145,7.2138157,-1.6084781,-0.46245602,7.0620813,-1.1620271,-0.64160347,7.055703,-1.669297,-0.4169629,6.82111,-1.381346,-0.646188,6.9437966,-1.5780103,-0.65155697,6.850559,-1.4552543,-0.6836519,6.9334,-1.5869973,-0.7295773,6.878222
4,-1.3577577,-0.07409252,7.146988,-1.3192198,0.018664062,7.1985474,-1.382902,0.012457907,7.0826597,-1.3932306,-0.17420024,7.1684895,-1.3866607,0.39037058,7.1559834,-1.1312162,0.20793438,6.8628817,-1.4031267,-0.30818123,7.1502504,-1.7636656,0.47663382,7.2580366,-1.0482516,0.57669586,6.993524,-1.4093808,-0.3628043,7.134354,-1.783075,0.6071599,7.243044,-0.98599166,0.6159065,6.882865,-1.4965723,-0.5572933,7.1445656,-1.4037933,-0.4956509,7.189551,-1.525617,-0.4453075,7.112213,-1.4923844,-0.6310318,7.1047106,-1.345982,-0.56570333,7.2052636,-1.600158,-0.46235412,7.051752,-1.1531441,-0.6399358,7.0478177,-1.6518637,-0.41791397,6.8084674,-1.3748381,-0.6451894,6.9407244,-1.5662606,-0.6501396,6.863041,-1.4490141,-0.6825908,6.9321713,-1.5866928,-0.7230938,6.897586
5,-1.3435227,-0.07483554,7.139651,-1.3041254,0.017212614,7.191827,-1.3690872,0.012513593,7.07658,-1.3790822,-0.17506899,7.160411,-1.3665752,0.39055538,7.156601,-1.1193005,0.2087513,6.855319,-1.389216,-0.3087995,7.1405373,-1.7425302,0.4617628,7.2731185,-1.0436368,0.57290435,7.002299,-1.3954811,-0.36327696,7.124153,-1.7674193,0.59180796,7.262757,-0.9822265,0.61585945,6.892559,-1.4831489,-0.5576327,7.132684,-1.3906153,-0.4964072,7.178731,-1.5117003,-0.4454276,7.1006536,-1.4780047,-0.6307942,7.091889,-1.3330628,-0.56647825,7.195288,-1.585653,-0.4618011,7.039291,-1.1378944,-0.6400222,7.040412,-1.6297061,-0.41683596,6.794601,-1.3596195,-0.64610696,6.933427,-1.5472171,-0.64473855,6.868701,-1.4336777,-0.6839245,6.9257255,-1.5726664,-0.7134942,6.9081745
6,-1.3233812,-0.07572691,7.102987,-1.2826481,0.0159342,7.154817,-1.3498354,0.0120076835,7.0408244,-1.3589019,-0.17592844,7.123966,-1.3382053,0.39038584,7.119816,-1.1073083,0.20790453,6.8113375,-1.3704935,-0.3096777,7.1050377,-1.7147489,0.4443659,7.2434683,-1.0314052,0.57137585,6.9598737,-1.3765894,-0.36424014,7.0888743,-1.7429119,0.5739517,7.236193,-0.9715589,0.61619306,6.850014,-1.464927,-0.5582043,7.099217,-1.372726,-0.4965854,7.1454062,-1.4927864,-0.44639078,7.0652657,-1.4570928,-0.6306466,7.0575747,-1.3142766,-0.56558156,7.1632833,-1.5644691,-0.46178946,7.0010242,-1.1178819,-0.6350155,7.0080605,-1.5746562,-0.41796437,6.752405,-1.3460312,-0.6460718,6.9160256,-1.5198188,-0.63683033,6.8678412,-1.4203454,-0.6841543,6.9149303,-1.5537233,-0.6984718,6.912383
7,-1.310566,-0.07568623,7.069782,-1.269454,0.015764162,7.1216855,-1.3373376,0.012284726,7.008091,-1.3460277,-0.17593718,7.0906243,-1.3224913,0.3904202,7.0850024,-1.0967605,0.20880836,6.7770925,-1.3582892,-0.30964214,7.0718055,-1.6990701,0.43723315,7.211437,-1.0223459,0.57147074,6.928334,-1.3641242,-0.36413622,7.0553184,-1.7282687,0.5666384,7.205089,-0.9630737,0.617975,6.818866,-1.453382,-0.5576459,7.0662556,-1.3611588,-0.49618012,7.112604,-1.4805572,-0.44590092,7.031533,-1.4447925,-0.62947726,7.023714,-1.3021137,-0.56457067,7.130847,-1.5507642,-0.46004707,6.9654016,-1.1060411,-0.6341746,6.975293,-1.5481697,-0.42001963,6.7159486,-1.3365233,-0.6459103,6.889357,-1.5039169,-0.6317735,6.847997,-1.4106592,-0.68430483,6.8913074,-1.5398071,-0.69057536,6.894767
8,-1.3033794,-0.07548392,7.0846376,-1.2622788,0.015989736,7.136509,-1.3306832,0.012519762,7.0232277,-1.3384652,-0.17586933,7.105469,-1.3144948,0.39061558,7.0983686,-1.0898001,0.21294053,6.795926,-1.3510547,-0.30953336,7.0865765,-1.69118,0.41927612,7.2298055,-1.0186045,0.57613397,6.9474425,-1.3572726,-0.36394095,7.0699444,-1.722544,0.5482633,7.225659,-0.9576913,0.6228511,6.8389697,-1.4490612,-0.5562435,7.0812235,-1.3557472,-0.4960723,7.127085,-1.4749339,-0.44410688,7.0467687,-1.4406496,-0.6284795,7.039336,-1.2965689,-0.56465924,7.144119,-1.5436798,-0.45400023,6.9783688,-1.1054125,-0.6406974,6.9854884,-1.5183278,-0.41416162,6.730163,-1.3366747,-0.64400655,6.9009213,-1.4900556,-0.61883867,6.8769383,-1.4111862,-0.6815203,6.904772,-1.53086,-0.6773599,6.9198737
9,-1.2893375,-0.078542605,7.0804133,-1.2464126,0.012690961,7.1312194,-1.3166556,0.009496331,7.01906,-1.3251824,-0.17844638,7.102244,-1.2941163,0.38683492,7.083613,-1.0804288,0.21526676,6.7916517,-1.3390994,-0.31205153,7.0838733,-1.6736674,0.41586515,7.206442,-1.0106273,0.5800606,6.939938,-1.3456594,-0.3664351,7.067294,-1.7041683,0.54482436,7.1976213,-0.9510658,0.6268276,6.8307385,-1.438147,-0.55839217,7.0787454,-1.3445537,-0.498554,7.124473,-1.4636459,-0.44617075,7.0442886,-1.4275254,-0.6297005,7.0357847,-1.284378,-0.566296,7.141394,-1.5314672,-0.45361972,6.974666,-1.095188,-0.6428407,6.9806643,-1.4911608,-0.4107675,6.7289534,-1.3281714,-0.6480289,6.9010615,-1.4734479,-0.6143768,6.8788342,-1.4019337,-0.6867887,6.9066205,-1.5187149,-0.67182803,6.918627
10,-1.2811714,-0.07776731,7.0696015,-1.2382706,0.013269797,7.120779,-1.3087248,0.010539219,7.00874,-1.3168411,-0.1778266,7.091003,-1.2852513,0.387569,7.0736756,-1.0735762,0.21656844,6.78045,-1.3304787,-0.31137848,7.0720444,-1.6640735,0.41453463,7.199197,-1.0037119,0.581532,6.928289,-1.3367634,-0.36571717,7.055213,-1.694476,0.5435721,7.1912227,-0.945585,0.6279712,6.81818,-1.4288462,-0.5578734,7.0665874,-1.335477,-0.49780196,7.1124673,-1.4545267,-0.44572777,7.0320187,-1.4175756,-0.6290397,7.0235567,-1.2748619,-0.5650633,7.1297336,-1.5220354,-0.45295405,6.96207,-1.0860088,-0.64261204,6.969088,-1.4789782,-0.40953588,6.716923,-1.3188372,-0.6478199,6.8890343,-1.4637988,-0.61177826,6.8689184,-1.3927253,-0.6863255,6.8946843,-1.5104961,-0.66845363,6.908167
11,-1.2669399,-0.0781568,7.0642405,-1.2231498,0.012654677,7.115064,-1.295681,0.010432705,7.0043473,-1.3021398,-0.17834799,7.085802,-1.2689133,0.38704735,7.067509,-1.06306,0.21896076,6.775737,-1.3160436,-0.311729,7.06586,-1.6438485,0.40536535,7.205628,-0.99522036,0.58706385,6.9165683,-1.3224021,-0.36588556,7.0484786,-1.6794447,0.53322184,7.2007074,-0.9361416,0.63194966,6.806322,-1.4143643,-0.5581412,7.0591235,-1.3203114,-0.49858373,7.104272,-1.4405179,-0.44562376,7.026155,-1.4031323,-0.62855315,7.0148597,-1.2597951,-0.5663913,7.1196437,-1.5086327,-0.4523489,6.956746,-1.0725144,-0.64536005,6.957854,-1.46272,-0.40606582,6.712644,-1.3050668,-0.64804316,6.876879,-1.4500238,-0.60668194,6.8670034,-1.3805448,-0.68298316,6.8843865,-1.4974082,-0.66266274,6.9064245
12,-1.2528913,-0.07654795,7.064654,-1.2076789,0.013438329,7.1156993,-1.2829252,0.012955472,7.0067883,-1.287748,-0.17698635,7.085614,-1.2519702,0.38825756,7.0701523,-1.0537393,0.22425309,6.777253,-1.3019686,-0.31002963,7.0637336,-1.6231482,0.40049046,7.218699,-0.9917275,0.59360856,6.917491,-1.3085873,-0.36393523,7.045682,-1.661458,0.5276079,7.2152214,-0.933423,0.63903517,6.8070545,-1.400971,-0.5560111,7.055914,-1.305989,-0.49720055,7.100085,-1.4273125,-0.4430853,7.024529,-1.3900034,-0.62581843,7.0106373,-1.2452642,-0.56512374,7.114061,-1.4962153,-0.44842803,6.9557805,-1.059863,-0.6472778,6.9516935,-1.4465454,-0.40286142,6.7122803,-1.2939562,-0.6483186,6.875247,-1.4332253,-0.6005321,6.8703427,-1.3694139,-0.68267065,6.885255,-1.4803896,-0.656864,6.9095273
13,-1.2457843,-0.076997414,7.0607357,-1.2003095,0.012822181,7.1118417,-1.275858,0.012665957,7.003139,-1.2807178,-0.17743224,7.081585,-1.2436686,0.38762566,7.06528,-1.0481682,0.22680296,6.7747493,-1.2945555,-0.31041232,7.059083,-1.6146007,0.40135887,7.2143087,-0.9893162,0.59629655,6.9159813,-1.3010604,-0.3642524,7.0407963,-1.6530674,0.5284128,7.210285,-0.9310523,0.6411496,6.8052893,-1.3929979,-0.5565343,7.0511794,-1.2979447,-0.4975838,7.09501,-1.4197125,-0.4436224,7.020061,-1.3826562,-0.62622553,7.005578,-1.2370677,-0.56542933,7.108699,-1.4887434,-0.44863647,6.9514165,-1.0533465,-0.6493367,6.945321,-1.4373068,-0.40235525,6.7084184,-1.2872682,-0.6482642,6.868352,-1.4251719,-0.59912574,6.867695,-1.3628925,-0.68237185,6.8779297,-1.4727566,-0.6557033,6.9060073
14,-1.2331983,-0.077652544,7.05888,-1.1872917,0.011900857,7.110067,-1.2635149,0.012282506,7.0018363,-1.2681301,-0.1781276,7.0795374,-1.2277235,0.38737303,7.066345,-1.0387655,0.22977486,6.773705,-1.281732,-0.31098354,7.0561748,-1.597787,0.39396113,7.2179976,-0.9896669,0.59790695,6.9220414,-1.2883196,-0.36471403,7.0375977,-1.6429427,0.51885927,7.2180367,-0.93151915,0.64747715,6.8133173,-1.3794004,-0.5575148,7.0456457,-1.2845664,-0.4987008,7.0901294,-1.4066408,-0.44433993,7.015972,-1.3679562,-0.626718,6.999567,-1.2235243,-0.56659496,7.1028037,-1.4751987,-0.4482199,6.946782,-1.0410137,-0.6499159,6.9377775,-1.415807,-0.39882684,6.706223,-1.2725344,-0.64833194,6.85387,-1.4068285,-0.5994296,6.860861,-1.3482339,-0.6822519,6.8635187,-1.4555159,-0.65656155,6.8968973
15,-1.2183132,-0.076937854,7.054572,-1.172354,0.01247181,7.1059628,-1.2487488,0.013163194,6.997855,-1.2531803,-0.17748751,7.0749745,-1.2075058,0.3885616,7.0629916,-1.0260581,0.234889,6.771789,-1.2662135,-0.31031412,7.0511265,-1.5801761,0.38947695,7.208267,-0.98479724,0.6013769,6.92645,-1.2725843,-0.3640222,7.032409,-1.6246464,0.51461774,7.2073936,-0.9282836,0.6509615,6.816874,-1.3638425,-0.55672926,7.040688,-1.2689979,-0.49792594,7.085163,-1.3909556,-0.44357926,7.0108037,-1.3516154,-0.62614715,6.9951363,-1.2079616,-0.5657811,7.098072,-1.4595568,-0.4468121,6.9416237,-1.0260847,-0.6495283,6.9325624,-1.3961251,-0.39137387,6.7034245,-1.2592537,-0.6498891,6.853336,-1.3889148,-0.59285516,6.857009,-1.3349838,-0.68307287,6.8650784,-1.4370631,-0.6506961,6.892637
16,-1.2121379,-0.07600266,7.0533733,-1.1666621,0.013222799,7.105509,-1.2428061,0.014377326,6.997228,-1.2466444,-0.17683546,7.0729756,-1.2009971,0.38960463,7.064478,-1.0211325,0.237458,6.7714963,-1.2589166,-0.30956274,7.0481887,-1.5733957,0.38589406,7.210404,-0.98107195,0.6039512,6.926459,-1.2650877,-0.36319613,7.0291924,-1.616282,0.51158947,7.210267,-0.9255551,0.6511396,6.8153267,-1.3559804,-0.5561076,7.0366945,-1.261369,-0.49724036,7.0815797,-1.3832431,-0.4429283,7.007058,-1.3441259,-0.62586236,6.9915605,-1.2005389,-0.56528354,7.0944724,-1.4516615,-0.44613963,6.937696,-1.0195351,-0.64982516,6.928411,-1.3868425,-0.3888939,6.7002993,-1.2526089,-0.64870524,6.848912,-1.3793044,-0.5906574,6.853497,-1.3286562,-0.6813547,6.8600874,-1.427567,-0.64855963,6.8888693
17,-1.2007537,-0.07534847,7.0533957,-1.1548766,0.013421699,7.105955,-1.232125,0.015540704,6.9984746,-1.2349118,-0.17642565,7.0723386,-1.1871786,0.39060402,7.071086,-1.01539,0.24241896,6.7717338,-1.2471973,-0.30907702,7.047155,-1.5578809,0.38269508,7.2211065,-0.9766329,0.60828656,6.9284964,-1.253435,-0.36278814,7.028402,-1.6026766,0.50769573,7.223708,-0.92260015,0.6561685,6.81693,-1.3434534,-0.55609894,7.0361633,-1.2490963,-0.49675053,7.0809503,-1.3712353,-0.44308,7.0063977,-1.3308469,-0.6259837,6.9914365,-1.1885097,-0.5650016,7.0938907,-1.43962,-0.44727123,6.9370546,-1.0091496,-0.6501216,6.9263477,-1.3690027,-0.38652384,6.7021956,-1.242482,-0.6511443,6.8476095,-1.3626807,-0.5924117,6.849861,-1.3178408,-0.6853416,6.85882,-1.4120508,-0.6505962,6.8831825
18,-1.1892345,-0.07415743,7.052856,-1.1428982,0.014575005,7.1050754,-1.220956,0.016759366,6.998182,-1.22332,-0.17521226,7.072047,-1.1678003,0.39220434,7.0689955,-1.0076246,0.24534643,6.7699347,-1.2358482,-0.30790526,7.047205,-1.5384812,0.37829268,7.218632,-0.9733663,0.6091553,6.9324307,-1.2424263,-0.3616839,7.0287642,-1.585903,0.502314,7.2215433,-0.92009246,0.6579216,6.820883,-1.3331711,-0.5546769,7.0359545,-1.2388479,-0.49568254,7.0812774,-1.36039,-0.44154763,7.006088,-1.3199408,-0.6241209,6.990724,-1.1787,-0.5641662,7.0950117,-1.4282099,-0.44431585,6.9361215,-0.9993008,-0.65292466,6.9294095,-1.3529578,-0.38362902,6.7026906,-1.2301576,-0.6537602,6.8436823,-1.3429596,-0.5948278,6.8424406,-1.3050792,-0.6895991,6.8524237,-1.3923593,-0.6542326,6.8734875
19,-1.1816881,-0.07373613,7.0471773,-1.1350605,0.015014932,7.099105,-1.2139711,0.017184392,6.9928393,-1.2154787,-0.17485549,7.0665493,-1.1579275,0.39265317,7.061793,-1.0037566,0.24800627,6.7639503,-1.2280428,-0.30758238,7.0419073,-1.5269777,0.378151,7.2153525,-0.9684221,0.6122782,6.9251738,-1.2345433,-0.36136132,7.02344,-1.575239,0.50182855,7.218998,-0.9165268,0.6610088,6.812962,-1.3245418,-0.554705,7.030587,-1.2303209,-0.49542212,7.075746,-1.3522656,-0.4416356,7.000959,-1.311373,-0.624181,6.985388,-1.1699414,-0.56374997,7.089237,-1.4200764,-0.4441902,6.930976,-0.9912069,-0.65230775,6.922811,-1.3446773,-0.37991798,6.698554,-1.221974,-0.6549297,6.8368783,-1.3323777,-0.5934141,6.83458,-1.2964703,-0.6916635,6.84554,-1.3811963,-0.6540019,6.8642287
20,-1.170869,-0.07295014,7.048451,-1.1236643,0.015757456,7.0999293,-1.203827,0.01802224,6.9946074,-1.2043897,-0.17410576,7.0681005,-1.1380993,0.39352804,7.059845,-0.99973476,0.2502209,6.7616067,-1.217115,-0.30679333,7.0433292,-1.5062315,0.37604314,7.215286,-0.9615733,0.6146641,6.921796,-1.2235694,-0.36061436,7.0249686,-1.5553362,0.49932685,7.2206187,-0.91284835,0.6650842,6.808911,-1.3138156,-0.5538542,7.0317926,-1.2198256,-0.49460942,7.07748,-1.3412286,-0.44079566,7.001836,-1.2997673,-0.62322634,6.9866986,-1.1597443,-0.563046,7.0917296,-1.4086398,-0.44334537,6.9314675,-0.9798634,-0.6539863,6.9278426,-1.3347566,-0.37564862,6.6995316,-1.212108,-0.65569603,6.845963,-1.3200426,-0.58892804,6.8356576,-1.2870865,-0.6903624,6.858233,-1.3663657,-0.6500729,6.8680406
21,-1.159375,-0.07217398,7.0592394,-1.1115352,0.016584024,7.11004,-1.1932899,0.018771484,7.005947,-1.1924336,-0.1733921,7.0793443,-1.1247221,0.3945155,7.071058,-0.9951158,0.25221562,6.769114,-1.2053114,-0.30599046,7.0541778,-1.491754,0.3798827,7.2293687,-0.95173573,0.6174934,6.9260406,-1.2119582,-0.3597607,7.035737,-1.539079,0.50387913,7.234248,-0.9057379,0.66737825,6.8117824,-1.3024629,-0.55291235,7.0415626,-1.2082238,-0.49411714,7.087317,-1.3298167,-0.4396121,7.012478,-1.289735,-0.62287253,6.9969883,-1.148429,-0.5628502,7.1013436,-1.3973601,-0.44157732,6.9422174,-0.9683448,-0.6589016,6.9406266,-1.3225881,-0.37626135,6.709884,-1.1994525,-0.6579233,6.8555794,-1.3028182,-0.59265095,6.8403435,-1.2754762,-0.6900208,6.8683944,-1.3485014,-0.65442073,6.8724475
22,-1.1537415,-0.07142213,7.064738,-1.1058798,0.017096356,7.1159344,-1.187882,0.019789562,7.0120482,-1.1866413,-0.17279057,7.0843396,-1.119514,0.39519894,7.0788107,-0.9922699,0.2526803,6.7725554,-1.199255,-0.30527186,7.0584335,-1.4845762,0.37943494,7.241506,-0.9455622,0.61894673,6.926187,-1.2059538,-0.35904294,7.0400143,-1.5311875,0.5036393,7.247771,-0.90035367,0.66807467,6.811288,-1.2967145,-0.55208445,7.0454965,-1.2026597,-0.49336207,7.091721,-1.3237758,-0.43877584,7.016171,-1.283782,-0.62187815,7.00072,-1.1435564,-0.5625434,7.1064568,-1.3909372,-0.4413274,6.9455643,-0.961903,-0.6600578,6.948409,-1.3134886,-0.37610525,6.714083,-1.192318,-0.6595435,6.861499,-1.2929405,-0.5916809,6.8457637,-1.2682253,-0.6922129,6.8735347,-1.3379529,-0.6542872,6.877188
23,-1.1457927,-0.07107364,7.077238,-1.0980716,0.017212719,7.128964,-1.1799657,0.020388857,7.0250063,-1.1786149,-0.17257845,7.096256,-1.1042308,0.39545065,7.0912294,-0.9846842,0.25427562,6.786215,-1.1899163,-0.30489245,7.0689282,-1.4673367,0.37665415,7.257932,-0.9402816,0.62385035,6.932429,-1.1961777,-0.35862228,7.0502367,-1.5153233,0.5000956,7.2678356,-0.89492154,0.6724272,6.817355,-1.2857914,-0.55224776,7.053582,-1.1926694,-0.49319848,7.1012564,-1.3132036,-0.4389502,7.0245414,-1.2731622,-0.6217773,7.008311,-1.1335827,-0.56238616,7.116029,-1.3786948,-0.44174728,6.952392,-0.95176965,-0.6655445,6.9617934,-1.2965381,-0.37607762,6.7226667,-1.1790334,-0.66185117,6.867018,-1.2755561,-0.5953629,6.848001,-1.2557187,-0.69312537,6.8777595,-1.3202349,-0.658466,6.8789034
24,-1.1334226,-0.072260484,7.0736732,-1.0842477,0.016084462,7.123916,-1.1680185,0.01905258,7.021458,-1.166478,-0.17343998,7.093977,-1.0796641,0.39359683,7.0793176,-0.9763622,0.2557152,6.782465,-1.1780558,-0.30597648,7.0678706,-1.4429647,0.37580085,7.2457047,-0.93547183,0.6251931,6.929942,-1.1846148,-0.35987785,7.049785,-1.493078,0.49847257,7.254586,-0.89158535,0.6756326,6.815099,-1.273285,-0.55391586,7.0541897,-1.1799585,-0.4943954,7.1008673,-1.3015202,-0.4407706,7.025345,-1.2610428,-0.6237092,7.009219,-1.1212891,-0.56399536,7.1153636,-1.3679988,-0.44386223,6.9541163,-0.9406685,-0.6697893,6.961513,-1.2787077,-0.3712254,6.729201,-1.1668309,-0.6645187,6.8642116,-1.254869,-0.5963508,6.8431535,-1.2433506,-0.6963713,6.87442,-1.3004171,-0.66023564,6.8710327
25,-1.1250316,-0.071964696,7.070117,-1.0752227,0.016196102,7.120058,-1.1603914,0.019548401,7.018771,-1.1577485,-0.17325044,7.09044,-1.0704544,0.39395243,7.0775943,-0.9722003,0.25745115,6.77826,-1.1694174,-0.30574265,7.06415,-1.43189,0.37560076,7.2479362,-0.931409,0.62572753,6.92874,-1.1761099,-0.35962224,7.0460477,-1.4816129,0.4983859,7.2574244,-0.88933754,0.67651474,6.8133717,-1.2642177,-0.5538858,7.0516415,-1.1703522,-0.49416208,7.096959,-1.2931652,-0.4407925,7.023303,-1.2522063,-0.62400085,7.0071115,-1.1110703,-0.5634451,7.110447,-1.3605275,-0.44353443,6.952895,-0.9328422,-0.6692511,6.9538393,-1.2698396,-0.36918682,6.7291007,-1.1594999,-0.66421914,6.8576846,-1.2464346,-0.59540147,6.840967,-1.2361676,-0.69551426,6.8684907,-1.2930907,-0.6588119,6.868087
26,-1.1091626,-0.070454955,7.0451684,-1.0584002,0.01763159,7.094273,-1.1437612,0.020968124,6.993148,-1.1428008,-0.17125224,7.0663953,-1.0290294,0.3938507,7.0482044,-0.95663106,0.25885442,6.7517943,-1.1547662,-0.30364394,7.039735,-1.3924768,0.36984825,7.213488,-0.92511994,0.62756294,6.903441,-1.1615814,-0.3574258,7.0213895,-1.4475825,0.489847,7.2277093,-0.8813188,0.6790272,6.78902,-1.2495818,-0.55179536,7.0244,-1.1557157,-0.49264312,7.070461,-1.2786096,-0.4383424,6.9976244,-1.2376183,-0.6210267,6.978496,-1.0967946,-0.56247514,7.082634,-1.346086,-0.4407038,6.9273124,-0.9187634,-0.67117953,6.927797,-1.2525624,-0.36633527,6.7046947,-1.1415218,-0.6631078,6.8231153,-1.2279568,-0.5994892,6.800969,-1.218508,-0.69446605,6.8311076,-1.2738588,-0.66422945,6.8261657
27,-1.0944537,-0.066794425,7.035238,-1.0434091,0.021034911,7.0845103,-1.1298554,0.02494821,6.9843326,-1.1275885,-0.1678539,7.056005,-1.0082235,0.39710957,7.041435,-0.9484125,0.26875633,6.7445507,-1.1398515,-0.30014843,7.0289993,-1.3703167,0.36764526,7.208794,-0.91878355,0.63665056,6.898536,-1.1467367,-0.35390288,7.0106,-1.4278352,0.48617303,7.225569,-0.8750525,0.6873948,6.783767,-1.2352883,-0.5480145,7.014052,-1.1411893,-0.489056,7.0598845,-1.2640289,-0.43452287,6.9871306,-1.2225606,-0.61771506,6.9690723,-1.082951,-0.55934256,7.0727096,-1.331973,-0.4366876,6.9172635,-0.90379494,-0.6688929,6.9197783,-1.23573,-0.36066377,6.696371,-1.1283568,-0.6628203,6.818883,-1.2130426,-0.5924776,6.7962837,-1.2049849,-0.69451636,6.8287616,-1.258537,-0.65726846,6.822082
28,-1.0864961,-0.064427465,7.021015,-1.0347513,0.022547975,7.071066,-1.1219842,0.028120652,6.9716516,-1.1198162,-0.1656482,7.0406704,-0.99904144,0.39938956,7.0358396,-0.94554245,0.27501133,6.7312922,-1.1334993,-0.29775113,7.0134106,-1.3621178,0.36693323,7.200494,-0.9099979,0.6437179,6.882049,-1.1406302,-0.3514154,6.9948425,-1.4190439,0.4858005,7.2168818,-0.86496556,0.6948928,6.767977,-1.2300193,-0.54511184,6.999731,-1.1351615,-0.4864735,7.0443954,-1.2585351,-0.43155533,6.9728446,-1.2162431,-0.6148527,6.9551244,-1.076875,-0.5568779,7.0563235,-1.3269907,-0.4338765,6.903484,-0.8960854,-0.6638923,6.903519,-1.2293825,-0.3542633,6.684463,-1.1214678,-0.66139996,6.804316,-1.2093234,-0.5848462,6.7877297,-1.1974499,-0.6934881,6.817398,-1.2519152,-0.6516769,6.8132787
29,-1.0772915,-0.063724324,7.0223346,-1.0254295,0.023122028,7.0724883,-1.112055,0.02887559,6.9725537,-1.1112022,-0.16474172,7.0420256,-0.9728276,0.398198,7.039674,-0.93900347,0.27894062,6.733013,-1.1246078,-0.29676494,7.0142465,-1.3357525,0.36106613,7.203673,-0.9020067,0.64998823,6.8775487,-1.131712,-0.3504459,6.9957166,-1.3946595,0.47810328,7.2253723,-0.85587585,0.6987784,6.7628717,-1.2213814,-0.5440618,6.997933,-1.127217,-0.48580948,7.044528,-1.2493213,-0.43030968,6.971269,-1.2078241,-0.61386836,6.953362,-1.069501,-0.55664325,7.056687,-1.3159449,-0.43268248,6.9001484,-0.8882813,-0.6691103,6.9083743,-1.2105168,-0.35192952,6.6852074,-1.111057,-0.6618303,6.8036714,-1.1979698,-0.5834694,6.7875147,-1.187361,-0.69363785,6.815507,-1.2427489,-0.65008163,6.8096685
30,-1.0638028,-0.062762335,7.0130424,-1.011161,0.024070084,7.0624013,-1.0990113,0.029819638,6.963542,-1.0976528,-0.16368341,7.033324,-0.9504574,0.39828688,7.034071,-0.9343034,0.28246224,6.7208443,-1.1121309,-0.2958128,7.0066075,-1.3116977,0.3601356,7.201519,-0.8926807,0.6546358,6.8611655,-1.1194576,-0.34963626,6.9885845,-1.37193,0.47591883,7.226114,-0.8473332,0.7021032,6.7456245,-1.2091103,-0.54324704,6.9917297,-1.114707,-0.48488235,7.037697,-1.2371904,-0.42955953,6.9649386,-1.19575,-0.6131038,6.9471784,-1.0570577,-0.55574393,7.0500097,-1.3044595,-0.43273157,6.8944597,-0.8752648,-0.6681957,6.902388,-1.1946312,-0.34914207,6.682832,-1.1000147,-0.6616475,6.8019423,-1.1793698,-0.5805617,6.7850423,-1.1765866,-0.6912542,6.817248,-1.2220925,-0.6484927,6.8072524
31,-1.0590701,-0.061946347,7.0199585,-1.0065433,0.024935454,7.069353,-1.0944887,0.03061758,6.9705744,-1.0927197,-0.16294742,7.0401745,-0.9465451,0.3995384,7.0448866,-0.9320982,0.28322387,6.726282,-1.1072725,-0.29514223,7.013826,-1.3066452,0.3590725,7.2142367,-0.8900701,0.65420276,6.869614,-1.1145456,-0.34899038,6.995855,-1.3674473,0.4743686,7.239702,-0.84443974,0.7013663,6.75406,-1.2033559,-0.5429971,6.998447,-1.1092566,-0.48433042,7.044652,-1.2319036,-0.42937005,6.9718947,-1.190401,-0.6128684,6.953799,-1.0515093,-0.5551458,7.056769,-1.2988294,-0.43293965,6.9011087,-0.87013316,-0.66862667,6.9094224,-1.1892312,-0.35032952,6.6889772,-1.0941119,-0.6636904,6.807178,-1.1714302,-0.5824737,6.789113,-1.1709782,-0.6921926,6.823093,-1.2143612,-0.6505589,6.810432
32,-1.0468023,-0.063101575,7.017539,-0.9937767,0.024026483,7.065957,-1.0823964,0.029179692,6.967754,-1.0804926,-0.16389605,7.0386963,-0.9264858,0.39712158,7.037715,-0.9238308,0.2802101,6.7193594,-1.0948857,-0.2961187,7.0123997,-1.2819852,0.35570002,7.216302,-0.884728,0.6520531,6.8612723,-1.102064,-0.34995958,6.994369,-1.3448832,0.4687653,7.2462792,-0.83828187,0.6983117,6.7456775,-1.1889603,-0.5448482,6.9945436,-1.0955337,-0.48579535,7.0416136,-1.2185767,-0.4312087,6.9692445,-1.1774489,-0.61556256,6.9508367,-1.0380129,-0.55696225,7.0527053,-1.2849483,-0.4351718,6.8979597,-0.8594205,-0.67582643,6.9062057,-1.1752145,-0.35111764,6.6864667,-1.0752864,-0.6666442,6.788043,-1.1495947,-0.5917715,6.761728,-1.1531057,-0.69489145,6.799011,-1.1944168,-0.66012466,6.7776017
33,-1.034197,-0.06158051,7.018291,-0.9809791,0.025101587,7.067295,-1.0702164,0.03117399,6.9697056,-1.0676286,-0.1626368,7.0385923,-0.9069524,0.39722544,7.0434294,-0.9161691,0.286233,6.7225747,-1.0808856,-0.29453838,7.0101714,-1.2591518,0.35767013,7.2288475,-0.881789,0.6575878,6.8669677,-1.0879533,-0.34825683,6.9917364,-1.3181725,0.4715746,7.2632117,-0.83517385,0.70295364,6.751087,-1.1757014,-0.54276335,6.991443,-1.0822794,-0.48411548,7.0390263,-1.2046795,-0.4289977,6.965973,-1.1647544,-0.6133015,6.947309,-1.0253905,-0.5555607,7.051501,-1.2703928,-0.43207788,6.8940372,-0.84640485,-0.68006784,6.9102626,-1.1558214,-0.35108954,6.683918,-1.0635647,-0.669415,6.7946215,-1.1351887,-0.5895887,6.767148,-1.1410964,-0.6984191,6.8056526,-1.1818179,-0.65633565,6.784576
34,-1.0278949,-0.06110859,7.020409,-0.9747112,0.025354758,7.069835,-1.063822,0.031855747,6.9721575,-1.0613854,-0.16223596,7.0402546,-0.89827573,0.39717144,7.048961,-0.91160333,0.28918916,6.7262545,-1.0739924,-0.2939874,7.010858,-1.2502167,0.3586914,7.2350945,-0.87990767,0.6591196,6.8748565,-1.080938,-0.34764737,6.9922075,-1.3099725,0.4722104,7.269464,-0.8314637,0.7040901,6.759574,-1.1681138,-0.54240274,6.9903846,-1.0750773,-0.4837637,7.0387273,-1.197311,-0.42857438,6.9654493,-1.1574581,-0.6125996,6.9456387,-1.018847,-0.55573946,7.051139,-1.2628572,-0.43196315,6.8933754,-0.8410263,-0.682367,6.910315,-1.1489065,-0.35018408,6.6832247,-1.0551032,-0.6701538,6.789209,-1.1263219,-0.5901434,6.761611,-1.1331376,-0.6986501,6.7977347,-1.1730359,-0.6571452,6.7777886
35,-1.0193967,-0.062183157,7.042113,-0.9660472,0.024342164,7.091251,-1.0554982,0.030721605,6.9938765,-1.0528108,-0.16328919,7.0621943,-0.87698424,0.39293772,7.064217,-0.90481716,0.2942287,6.75363,-1.0644388,-0.29497743,7.0321193,-1.2264749,0.35969013,7.255893,-0.87759244,0.66431206,6.9027367,-1.0710614,-0.34858292,7.0131965,-1.2828125,0.47395748,7.2934117,-0.8282362,0.7082612,6.787447,-1.1575346,-0.54364127,7.010507,-1.0648401,-0.48482734,7.0592923,-1.1870711,-0.4298377,6.9858603,-1.1466968,-0.6143554,6.966628,-1.0086828,-0.5568032,7.0720296,-1.2522596,-0.43232298,6.913426,-0.83148026,-0.6884904,6.935121,-1.135691,-0.3498705,6.704981,-1.0441599,-0.6728993,6.811959,-1.117742,-0.5909257,6.7811723,-1.1225182,-0.7006171,6.82007,-1.165686,-0.6570847,6.7972198
36,-1.0109309,-0.061845988,7.0684366,-0.9563814,0.024536416,7.1164966,-1.0478914,0.031169504,7.021072,-1.0440896,-0.16291101,7.0891385,-0.8606976,0.3912515,7.086657,-0.9044953,0.3047293,6.7877016,-1.0562825,-0.2946294,7.0594215,-1.2086173,0.36172944,7.28177,-0.8775154,0.6713167,6.9452496,-1.0633713,-0.3482741,7.0407805,-1.2616928,0.4767571,7.321648,-0.8294234,0.7152878,6.8294353,-1.1501262,-0.5432209,7.039381,-1.0564096,-0.48462695,7.086448,-1.1800019,-0.4293276,7.0155716,-1.1387948,-0.6140137,6.9957542,-1.0001802,-0.55671686,7.098183,-1.2465601,-0.43094265,6.944369,-0.82462484,-0.69022614,6.960918,-1.1239425,-0.34444398,6.7410984,-1.0398792,-0.6765538,6.842076,-1.1098208,-0.5847785,6.820312,-1.1190488,-0.7009147,6.8526964,-1.1573304,-0.6514712,6.835415
37,-1.0070564,-0.062320024,7.0843306,-0.9525265,0.024172142,7.132215,-1.0441748,0.030603766,7.0369096,-1.0400858,-0.16339387,7.105195,-0.85968804,0.3917582,7.1041584,-0.90441996,0.30835676,6.806299,-1.052496,-0.2952866,7.076354,-1.2057716,0.36383125,7.302741,-0.87697643,0.6725791,6.969163,-1.0596743,-0.34905112,7.058097,-1.2577133,0.47920644,7.3431044,-0.82860786,0.7164967,6.8534436,-1.1466329,-0.5439121,7.05816,-1.0528207,-0.48507988,7.104737,-1.1764077,-0.43016148,7.0335555,-1.1354697,-0.6148839,7.014781,-0.996632,-0.557127,7.1169205,-1.2428423,-0.43216914,6.962247,-0.8222394,-0.69073427,6.9782753,-1.1171889,-0.34542978,6.760943,-1.0397522,-0.67861015,6.8634453,-1.1058427,-0.5835848,6.8468986,-1.1187407,-0.70261675,6.8760386,-1.1539942,-0.6498623,6.861794
38,-0.99571943,-0.063085005,7.0898366,-0.94108856,0.023108259,7.138143,-1.0327861,0.030117914,7.042926,-1.0288228,-0.16423896,7.1101894,-0.8373476,0.3866502,7.0981345,-0.8934988,0.31177735,6.816815,-1.0404369,-0.29584455,7.0797496,-1.1769603,0.36244613,7.308054,-0.87430483,0.6722183,6.989005,-1.0471218,-0.34958377,7.0612326,-1.227071,0.47623816,7.354732,-0.8251315,0.7172537,6.874057,-1.1347494,-0.5441445,7.061547,-1.0415595,-0.48520193,7.1092205,-1.163692,-0.4305252,7.035392,-1.123527,-0.616366,7.0202985,-0.9849065,-0.556509,7.123438,-1.2282284,-0.4318274,6.962345,-0.81011367,-0.69527113,6.990477,-1.0967414,-0.34536448,6.764681,-1.0289718,-0.6807939,6.8785114,-1.0895674,-0.5823387,6.8542724,-1.107967,-0.7045146,6.891594,-1.1377835,-0.64860725,6.868998
39,-0.9839534,-0.06096387,7.1021624,-0.9285551,0.024809763,7.1503415,-1.020842,0.03256035,7.055753,-1.0174495,-0.16200016,7.122457,-0.81514883,0.3847229,7.1042185,-0.88631994,0.32004717,6.8341355,-1.0280939,-0.2933731,7.0906863,-1.1529977,0.36071965,7.3169875,-0.8699452,0.6736953,7.020148,-1.0344555,-0.34702873,7.0718164,-1.2039944,0.47319835,7.365839,-0.8209357,0.7206006,6.9058795,-1.1217685,-0.54173106,7.0715046,-1.0291255,-0.48259002,7.1199913,-1.1506472,-0.4281848,7.044964,-1.111982,-0.6142127,7.030347,-0.9729369,-0.55410236,7.1349993,-1.2138638,-0.42954147,6.970773,-0.7988603,-0.698558,7.0072646,-1.0826153,-0.34034836,6.774166,-1.0166285,-0.685244,6.893052,-1.073196,-0.5775589,6.8629208,-1.095965,-0.7085821,6.9046764,-1.1211892,-0.6441172,6.877056
40,-0.97811705,-0.061149552,7.1038866,-0.9225504,0.02436173,7.1523376,-1.0153953,0.032644853,7.058342,-1.0113642,-0.16236854,7.123674,-0.809497,0.38452986,7.107354,-0.8832598,0.3202561,6.835454,-1.0217876,-0.29358596,7.0911956,-1.1427279,0.36080915,7.3273168,-0.8672449,0.67224795,7.0246124,-1.0281658,-0.3471644,7.072113,-1.1920279,0.47326797,7.377924,-0.8181864,0.71909356,6.910341,-1.1148002,-0.5421656,7.0708513,-1.0222852,-0.48297334,7.1195197,-1.1441175,-0.42857438,7.0449934,-1.1058602,-0.6144195,7.029105,-0.9662813,-0.5547809,7.1337895,-1.2071357,-0.43016577,6.9706383,-0.79310185,-0.6993528,7.004972,-1.0769504,-0.34085336,6.77338,-1.008905,-0.6867857,6.8870068,-1.0614837,-0.5812232,6.852234,-1.088295,-0.710924,6.896423,-1.1080986,-0.6491392,6.8643837
41,-0.96667224,-0.060171425,7.111512,-0.91023993,0.024890527,7.1597533,-1.0050063,0.034058504,7.067779,-0.99936736,-0.16165487,7.13086,-0.7928638,0.3829543,7.109366,-0.8736191,0.3283587,6.8533406,-1.0098876,-0.29262578,7.0974317,-1.1165266,0.3657793,7.343751,-0.8656171,0.6775983,7.048028,-1.0164542,-0.3461278,7.078199,-1.1585596,0.48034418,7.3961596,-0.8158384,0.7248855,6.934251,-1.102881,-0.5412216,7.0769997,-1.0098104,-0.48218405,7.124789,-1.1326562,-0.42752695,7.052139,-1.0929304,-0.6130804,7.0348024,-0.95384395,-0.5542141,7.1380486,-1.1964424,-0.42858046,6.978432,-0.78198624,-0.7018487,7.010946,-1.0644034,-0.33719975,6.7833652,-0.9948648,-0.68923426,6.887786,-1.0402285,-0.579431,6.853895,-1.0755033,-0.70936096,6.895936,-1.082257,-0.6504316,6.865105
42,-0.9540569,-0.05730392,7.1217046,-0.896564,0.02823022,7.167811,-0.9934413,0.03649372,7.0779753,-0.98624426,-0.15860718,7.1427717,-0.77087384,0.3817454,7.106535,-0.86649483,0.32915968,6.8586802,-0.99756134,-0.28966826,7.109963,-1.0972188,0.36911917,7.337465,-0.8543125,0.6844336,7.041895,-1.0045656,-0.34310627,7.090707,-1.1379205,0.48566836,7.3864365,-0.80708146,0.7282586,6.9256716,-1.09199,-0.53775877,7.0907655,-0.99761105,-0.47934377,7.1367183,-1.1217154,-0.4238364,7.066907,-1.0813913,-0.609785,7.0490136,-0.9419536,-0.5518903,7.148365,-1.186879,-0.42349505,6.9944086,-0.7734886,-0.70609236,7.024561,-1.0533259,-0.3310771,6.800867,-0.9867003,-0.69195175,6.9021454,-1.0247118,-0.5732119,6.8700542,-1.068157,-0.706905,6.912883,-1.0658667,-0.64454,6.882372
43,-0.9473147,-0.056715667,7.1210284,-0.8896133,0.028917402,7.1666884,-0.9870479,0.037000924,7.077441,-0.9792845,-0.15802361,7.142402,-0.7592527,0.37930235,7.09768,-0.861172,0.3304037,6.858514,-0.9903625,-0.28913486,7.109712,-1.0848453,0.3718219,7.3298917,-0.8515856,0.6847224,7.0437217,-0.99743456,-0.34259266,7.090536,-1.124957,0.48930526,7.377086,-0.8047052,0.72942764,6.927692,-1.0853717,-0.53701353,7.090941,-0.99088955,-0.4787429,7.1368647,-1.1147707,-0.42306793,7.066791,-1.074569,-0.608965,7.049113,-0.9358101,-0.5516527,7.148981,-1.1797298,-0.42259437,6.99411,-0.76736677,-0.70841146,7.0284004,-1.0449966,-0.3315044,6.800757,-0.9806199,-0.6950132,6.9059734,-1.0174347,-0.5726645,6.873675,-1.062173,-0.7093297,6.916846,-1.0591214,-0.64361477,6.8863807
44,-0.93624073,-0.054056853,7.125821,-0.8780421,0.031621307,7.17076,-0.9764691,0.039618224,7.0826006,-0.96795845,-0.15534966,7.147638,-0.73935866,0.37696245,7.093093,-0.85218155,0.3355774,6.866221,-0.9791341,-0.28656954,7.1154203,-1.0607588,0.36881524,7.3310523,-0.8493496,0.6845832,7.061471,-0.98638517,-0.34022927,7.0968857,-1.0997442,0.4857862,7.3804135,-0.8016717,0.73064566,6.9463005,-1.0744011,-0.5345966,7.099559,-0.9796113,-0.47596675,7.144378,-1.1039007,-0.42085528,7.074582,-1.0626379,-0.6065112,7.0579267,-0.92513657,-0.5491515,7.1575274,-1.1699274,-0.4212355,7.002869,-0.76050395,-0.7131961,7.04146,-1.0346968,-0.3280579,6.8108625,-0.97439444,-0.6963388,6.9205823,-1.0032364,-0.5685002,6.884569,-1.0562471,-0.7082952,6.9320397,-1.0427845,-0.64058185,6.8977356
45,-0.9221167,-0.05219139,7.123429,-0.8629901,0.033588633,7.1669393,-0.9628735,0.041348837,7.080412,-0.9536725,-0.15330255,7.1462975,-0.71808165,0.3744955,7.0814424,-0.84634495,0.34093562,6.8647084,-0.9651931,-0.28464496,7.114707,-1.0381178,0.3714444,7.3213515,-0.84483844,0.6856291,7.067488,-0.97265416,-0.3383869,7.0964966,-1.077346,0.48805544,7.3713675,-0.80046815,0.7334796,6.951726,-1.0615761,-0.53228223,7.1019807,-0.9659944,-0.4737121,7.145167,-1.0908078,-0.41863143,7.076288,-1.0486656,-0.6050734,7.0622554,-0.9107339,-0.54635227,7.158054,-1.1571296,-0.4184327,7.004847,-0.7460948,-0.71059835,7.042281,-1.0151706,-0.32104382,6.8199177,-0.9631848,-0.6970217,6.926815,-0.98396385,-0.5584389,6.9030113,-1.0449489,-0.7055075,6.9415355,-1.0191699,-0.63274455,6.91614
46,-0.91632605,-0.052195832,7.12567,-0.8576605,0.033649087,7.169674,-0.95735,0.041348964,7.0829177,-0.947531,-0.15352374,7.1480556,-0.71125925,0.37422392,7.085405,-0.8437083,0.34314814,6.8687634,-0.95798194,-0.2848684,7.116104,-1.032311,0.37742853,7.3239517,-0.84411925,0.6858127,7.074959,-0.96508384,-0.33860746,7.0977426,-1.0702194,0.49453315,7.3738317,-0.7995261,0.7342831,6.9595404,-1.0526795,-0.53311765,7.102783,-0.9575795,-0.4739559,7.1462255,-1.0826468,-0.41963246,7.0772057,-1.0396639,-0.6055356,7.062415,-0.90209836,-0.5464314,7.159092,-1.1488274,-0.41983947,7.005634,-0.7373895,-0.7083969,7.040246,-1.0058813,-0.32132325,6.822067,-0.9539626,-0.69892406,6.923408,-0.97323984,-0.56035686,6.8997355,-1.035686,-0.7096418,6.9368434,-1.0072571,-0.63556814,6.910655
47,-0.90620476,-0.049767688,7.132936,-0.84753406,0.035830766,7.1774106,-0.94808435,0.04408022,7.0917044,-0.93670726,-0.15150893,7.1543956,-0.69564426,0.37366638,7.0918403,-0.8379986,0.34871972,6.8797255,-0.945915,-0.28226778,7.119771,-1.0128945,0.37807846,7.3354006,-0.8404499,0.68297154,7.0992827,-0.95260376,-0.3357247,7.1004558,-1.0488944,0.49444765,7.3883233,-0.796382,0.7348783,6.9851646,-1.039318,-0.53069025,7.101751,-0.9445477,-0.47191644,7.146423,-1.0697681,-0.41688585,7.078246,-1.0268962,-0.6021931,7.0596037,-0.8894775,-0.54502016,7.157355,-1.1352714,-0.41770333,7.006058,-0.7273965,-0.7092188,7.037962,-0.9951078,-0.3207063,6.81956,-0.94498837,-0.70045066,6.9229765,-0.9537903,-0.5546906,6.907759,-1.0263358,-0.7102291,6.9391336,-0.98196185,-0.63201886,6.920403
48,-0.8911542,-0.048733264,7.11981,-0.83137023,0.036541834,7.1634145,-0.9339879,0.045406528,7.0802584,-0.9211694,-0.15060924,7.141318,-0.67675924,0.37280458,7.076533,-0.83201236,0.35177737,6.866724,-0.93105197,-0.28140265,7.1070113,-0.9901037,0.38359874,7.324903,-0.8341893,0.67901134,7.0966125,-0.93780845,-0.3348053,7.087569,-1.019949,0.50129807,7.3787055,-0.7948616,0.7343765,6.9823875,-1.023719,-0.5301202,7.089591,-0.928846,-0.47094828,7.1335135,-1.0548105,-0.41644776,7.0662885,-1.0111496,-0.60195816,7.0480623,-0.8737122,-0.544051,7.144127,-1.1201663,-0.417709,6.9939733,-0.71101594,-0.7080513,7.0252995,-0.9794803,-0.32033908,6.8080635,-0.9290289,-0.7070037,6.9107833,-0.9324777,-0.5538062,6.894774,-1.0097886,-0.71876717,6.9284906,-0.9607656,-0.63112557,6.9072104
49,-0.8820123,-0.04709883,7.107145,-0.8209297,0.037285015,7.1506834,-0.92411226,0.04771004,7.068412,-0.91298676,-0.14874247,7.1283903,-0.6618902,0.3706947,7.0608497,-0.8240751,0.35375074,6.8534913,-0.9239248,-0.27892637,7.0921407,-0.97708076,0.38983,7.3063645,-0.82629037,0.6808956,7.0835066,-0.9309844,-0.33196896,7.07184,-1.0020503,0.5100553,7.356971,-0.78532004,0.7375055,6.9704757,-1.0173407,-0.52709246,7.070414,-0.9221461,-0.46900302,7.115079,-1.048265,-0.41291702,7.0494666,-1.0038247,-0.59754837,7.026864,-0.86701936,-0.54242736,7.123222,-1.1132283,-0.41357917,6.976791,-0.7078037,-0.7079789,7.0018578,-0.9700391,-0.31582654,6.793005,-0.9245777,-0.70890933,6.885012,-0.929607,-0.5514917,6.877042,-1.0051761,-0.7204889,6.903557,-0.95905906,-0.6287808,6.88664
50,-0.8705917,-0.045548126,7.110303,-0.80853826,0.03905943,7.1519957,-0.91240776,0.04895387,7.0705266,-0.90205383,-0.14664358,7.133369,-0.64333856,0.36713555,7.054012,-0.8194422,0.35495418,6.8523974,-0.9136694,-0.2770218,7.0980406,-0.95786726,0.39093065,7.299968,-0.8194109,0.6843935,7.079125,-0.9208036,-0.3301591,7.0780153,-0.98158616,0.51215434,7.348761,-0.78111446,0.740891,6.9651046,-1.007521,-0.5251235,7.076767,-0.9123205,-0.4671258,7.121538,-1.0381838,-0.4109312,7.0555296,-0.9927558,-0.5955192,7.0335264,-0.8571368,-0.5405041,7.1297097,-1.102609,-0.41141495,6.9823747,-0.7002131,-0.711661,7.013235,-0.9546729,-0.31163365,6.803505,-0.91669345,-0.71286917,6.8958488,-0.91921794,-0.54905546,6.884799,-0.99731445,-0.72162664,6.9157896,-0.9494932,-0.62614024,6.8934307
51,-0.8566409,-0.04230167,7.108313,-0.7946962,0.042497933,7.1497765,-0.89941025,0.052117728,7.0693626,-0.8872676,-0.14368603,7.131235,-0.62437457,0.3663874,7.0467625,-0.81239134,0.3579516,6.848563,-0.8984432,-0.27386242,7.0950313,-0.9404455,0.39895242,7.2897186,-0.8090405,0.6921924,7.0681252,-0.9057585,-0.32691723,7.074853,-0.9625465,0.5212817,7.3364697,-0.77526355,0.74775684,6.9522333,-0.9924381,-0.5218706,7.0713286,-0.8969978,-0.4644854,7.1163783,-1.0232465,-0.40739763,7.051889,-0.9780186,-0.59197134,7.0274963,-0.8427627,-0.5387588,7.1225753,-1.0881196,-0.40815324,6.9791336,-0.68980265,-0.7106751,7.002018,-0.9391403,-0.3070767,6.801864,-0.904018,-0.71081394,6.8805413,-0.9037244,-0.54391533,6.884858,-0.9846784,-0.72130734,6.8994584,-0.9361381,-0.6203017,6.89176
52,-0.8496929,-0.041897684,7.113419,-0.78791577,0.0430554,7.154818,-0.8924864,0.052393153,7.074185,-0.8802575,-0.14326467,7.1365004,-0.6162996,0.36596859,7.050892,-0.80884916,0.35879463,6.852866,-0.89136785,-0.27348614,7.1004386,-0.9337245,0.40092868,7.2917404,-0.8064208,0.6943389,7.070443,-0.89872265,-0.32653356,7.0802555,-0.954497,0.52410907,7.336837,-0.772846,0.7491055,6.9541135,-0.9849541,-0.5216682,7.075872,-0.88953835,-0.46430647,7.121003,-1.0160778,-0.40716314,7.0571365,-0.9700598,-0.5916917,7.032075,-0.8356043,-0.53891414,7.1256094,-1.0809624,-0.4085375,6.9844003,-0.6847266,-0.7117399,7.003735,-0.9325196,-0.30416745,6.808595,-0.8960867,-0.7125755,6.877359,-0.89542735,-0.5427729,6.8855786,-0.97716385,-0.7217842,6.8951287,-0.92627406,-0.619955,6.8905344
53,-0.83857405,-0.039379656,7.1177597,-0.77717423,0.045790985,7.159273,-0.8814154,0.054740936,7.078171,-0.8690034,-0.14077596,7.140891,-0.5968998,0.36056614,7.0455036,-0.7998657,0.3617489,6.856913,-0.8788392,-0.27084357,7.103915,-0.912474,0.40479988,7.287258,-0.8029334,0.6983321,7.072871,-0.88533103,-0.32383633,7.0832973,-0.93276775,0.52844006,7.331302,-0.7674711,0.7543876,6.9577217,-0.97049856,-0.5194117,7.077876,-0.87593114,-0.46156198,7.1241555,-1.0019822,-0.40506738,7.0587635,-0.9555572,-0.5895551,7.034287,-0.8217955,-0.53600234,7.129091,-1.0659149,-0.40725642,6.985209,-0.67755,-0.7174016,7.0117297,-0.9166844,-0.30249912,6.810303,-0.8920218,-0.71610236,6.8907137,-0.8746248,-0.5416823,6.88281,-0.9726891,-0.72392744,6.910854,-0.9021209,-0.62013394,6.88755
54,-0.82211065,-0.036098614,7.0946527,-0.75973535,0.049498588,7.1337647,-0.86535287,0.05754146,7.054366,-0.85243785,-0.13702515,7.119878,-0.57377034,0.35735095,7.0105996,-0.7891892,0.3570737,6.8212595,-0.8634982,-0.26745826,7.0845733,-0.89058954,0.4129783,7.248339,-0.7884602,0.69577503,7.033901,-0.8704999,-0.32058036,7.064461,-0.9105766,0.5387071,7.286173,-0.7540993,0.75195134,6.9184766,-0.95725745,-0.5155157,7.0620193,-0.86149794,-0.4580453,7.1062756,-0.98816377,-0.40108305,7.0424976,-0.940009,-0.58643824,7.020597,-0.8080602,-0.5330308,7.1105165,-1.0537388,-0.40319246,6.970401,-0.6677021,-0.7190276,6.995665,-0.900773,-0.29891562,6.79846,-0.88331604,-0.71848017,6.87669,-0.8461304,-0.5336176,6.8769717,-0.9631301,-0.7270876,6.899705,-0.86825407,-0.61371726,6.88224
55,-0.8149064,-0.034618616,7.08383,-0.7524522,0.051139966,7.12246,-0.8583153,0.058863863,7.043357,-0.8451091,-0.13547258,7.109491,-0.56391203,0.35453463,6.992344,-0.783589,0.35580897,6.806505,-0.8554186,-0.265817,7.073636,-0.88138425,0.41467404,7.2281055,-0.785522,0.69298553,7.021549,-0.86223793,-0.31886315,7.053262,-0.9005479,0.54125565,7.263439,-0.7513833,0.74952835,6.9062376,-0.948171,-0.51414895,7.049856,-0.8525945,-0.4565186,7.0943,-0.97958976,-0.39974207,7.031013,-0.9297483,-0.5846183,7.008167,-0.7996523,-0.53188527,7.0979595,-1.0454301,-0.40201324,6.9591637,-0.66073716,-0.719352,6.9837446,-0.8923105,-0.29838717,6.7869663,-0.87330776,-0.71997726,6.859414,-0.8369943,-0.53364444,6.8633146,-0.9533775,-0.73081553,6.88052,-0.86055756,-0.6134413,6.866539
56,-0.8018557,-0.03258872,7.0808883,-0.7389109,0.053324923,7.11836,-0.84572476,0.06072136,7.040514,-0.83177495,-0.13331227,7.10738,-0.5457369,0.35200208,6.9841905,-0.77524453,0.35925585,6.8043594,-0.8420537,-0.26389349,7.0723886,-0.863436,0.42413467,7.2162533,-0.77543545,0.6966941,7.019001,-0.8490776,-0.31709307,7.05249,-0.88068944,0.55211073,7.247286,-0.7422296,0.75247586,6.9030485,-0.93614113,-0.51190674,7.0529184,-0.839639,-0.45423484,7.0952587,-0.9671762,-0.39758515,7.0329556,-0.91841334,-0.5834126,7.0127196,-0.7874644,-0.5301326,7.098964,-1.0338905,-0.39991152,6.961919,-0.6515048,-0.72054255,6.9860697,-0.87776405,-0.29356682,6.7941356,-0.8594859,-0.7216422,6.8542085,-0.81919265,-0.52693963,6.873769,-0.93982977,-0.7298872,6.8754444,-0.8429364,-0.6067034,6.87644
57,-0.7899787,-0.03233099,7.086905,-0.72675,0.053627044,7.123792,-0.83414817,0.06093009,7.0467453,-0.8197004,-0.13301982,7.1137486,-0.52908456,0.34773764,6.986122,-0.7687039,0.36334223,6.8141017,-0.8294587,-0.26350993,7.0782714,-0.8435169,0.43155074,7.218709,-0.7652946,0.70651376,7.019424,-0.8365733,-0.3165874,7.058081,-0.8566265,0.56059474,7.2472463,-0.732625,0.7587248,6.9016705,-0.92401993,-0.51122737,7.057102,-0.8274315,-0.45404136,7.0999017,-0.95481753,-0.39670897,7.0379148,-0.9068663,-0.58242345,7.016112,-0.7766063,-0.53084606,7.103675,-1.0214998,-0.39801466,6.9668217,-0.6418212,-0.7240198,6.994117,-0.8656888,-0.28880388,6.8005934,-0.845078,-0.7276249,6.855126,-0.79677856,-0.52557045,6.8591413,-0.92594993,-0.7387662,6.8727236,-0.82005614,-0.60551035,6.858178
58,-0.7828813,-0.031157061,7.0798397,-0.72020936,0.05493754,7.1173534,-0.82707965,0.06203726,7.039557,-0.81245184,-0.13200119,7.106264,-0.520296,0.34681755,6.97819,-0.76211375,0.36343715,6.80547,-0.82103854,-0.26217863,7.069364,-0.83553696,0.43257558,7.2089663,-0.76343626,0.70396376,7.0151734,-0.827739,-0.31502303,7.0484343,-0.8486541,0.5619724,7.2358546,-0.7306422,0.7569233,6.897789,-0.9155046,-0.5094737,7.044102,-0.8194887,-0.45291612,7.088975,-0.9457988,-0.3947052,7.02562,-0.89752007,-0.5800797,7.002453,-0.76923305,-0.5301113,7.092391,-1.0106578,-0.39437643,6.952849,-0.63647145,-0.72495484,6.9833198,-0.85165787,-0.28506225,6.7897377,-0.83987427,-0.727949,6.844528,-0.78414214,-0.5237869,6.8415747,-0.9210598,-0.7379811,6.861332,-0.80724335,-0.6037514,6.839301
59,-0.77047473,-0.029502451,7.078935,-0.7069427,0.056483462,7.1152315,-0.8149304,0.063722,7.0390067,-0.8000127,-0.130152,7.106127,-0.5046753,0.34575528,6.9740386,-0.7551588,0.36842823,6.8078346,-0.8088721,-0.26055276,7.07009,-0.81416583,0.43862545,7.209792,-0.75544196,0.7046126,7.0244346,-0.81570107,-0.31345063,7.0493374,-0.8213201,0.5683764,7.237216,-0.7214927,0.7596789,6.908355,-0.90313345,-0.50808173,7.0467057,-0.80655205,-0.45125282,7.089994,-0.93393815,-0.3934073,7.028486,-0.88618845,-0.5786696,7.004592,-0.75641304,-0.52852815,7.09331,-0.9997422,-0.3926345,6.956571,-0.626227,-0.72628075,6.986391,-0.83885455,-0.28145307,6.796603,-0.83480877,-0.73236805,6.8556185,-0.76960003,-0.5198379,6.8477054,-0.9156616,-0.7419937,6.8741727,-0.7909783,-0.60030264,6.8464546
60,-0.7568049,-0.028644845,7.0743527,-0.6919383,0.056443125,7.110404,-0.8010876,0.06533309,7.0360312,-0.7867759,-0.12928969,7.1010838,-0.4843102,0.34227914,6.9699974,-0.7471839,0.37083024,6.80446,-0.79602456,-0.2593437,7.0639095,-0.78538716,0.44416377,7.212816,-0.7459394,0.70180523,7.0289364,-0.8030089,-0.31209323,7.042834,-0.7820415,0.574551,7.2378473,-0.7114223,0.76072335,6.914934,-0.8904486,-0.5067282,7.0407996,-0.7936239,-0.44987443,7.0835075,-0.92136025,-0.39206395,7.022697,-0.87377936,-0.5775709,6.9990053,-0.7428105,-0.52668166,7.087386,-0.986573,-0.38856438,6.9503264,-0.61386555,-0.7268393,6.983481,-0.8171607,-0.27921626,6.7980824,-0.82287395,-0.73773754,6.8537064,-0.7414731,-0.5163988,6.845524,-0.9034357,-0.7494441,6.87233,-0.75962615,-0.5975486,6.8412437
61,-0.75021696,-0.025521398,7.0682454,-0.6848049,0.059118956,7.104365,-0.79426384,0.06882008,7.0305505,-0.7805065,-0.1261511,7.094673,-0.4751102,0.34272453,6.962514,-0.7413691,0.37282193,6.796789,-0.78954077,-0.25588334,7.0563397,-0.77419114,0.45049894,7.205257,-0.7382721,0.70416903,7.020698,-0.79641795,-0.3084787,7.0348473,-0.7646013,0.5811168,7.227293,-0.70451593,0.7640534,6.906972,-0.8832325,-0.50337076,7.031254,-0.78661126,-0.44654155,7.0744524,-0.91450274,-0.3886686,7.0140285,-0.86630476,-0.57377267,6.9888234,-0.7355627,-0.5232111,7.0779476,-0.9794659,-0.38458896,6.941464,-0.6077485,-0.72474444,6.975312,-0.8084287,-0.27672,6.7899833,-0.81414634,-0.73899186,6.8417397,-0.73338956,-0.5140007,6.837961,-0.89526016,-0.7496735,6.8584886,-0.751569,-0.5951332,6.833468
62,-0.7401491,-0.024270117,7.071787,-0.674618,0.059644118,7.1093554,-0.78389436,0.070749305,7.0354686,-0.7707302,-0.12522615,7.0965834,-0.46073788,0.3431372,6.9736624,-0.73244697,0.37150294,6.797226,-0.778902,-0.25446963,7.056448,-0.7579335,0.4527036,7.2179136,-0.7336084,0.69481283,7.0326085,-0.78548807,-0.30681956,7.0342765,-0.73814857,0.5825531,7.237567,-0.69914377,0.75855035,6.9212127,-0.8705543,-0.50237453,7.0268884,-0.77464086,-0.4454587,7.071527,-0.9027601,-0.38766927,7.0115066,-0.85348564,-0.57246494,6.9840016,-0.7242626,-0.522619,7.073697,-0.9673852,-0.38377059,6.938631,-0.5972453,-0.7259486,6.973648,-0.79811096,-0.2736078,6.7868214,-0.7962164,-0.74563503,6.8298855,-0.71199626,-0.5094929,6.821134,-0.8783307,-0.7572553,6.8396983,-0.72647095,-0.5910534,6.8126774
63,-0.7286103,-0.022951558,7.0654383,-0.66303265,0.06058322,7.103764,-0.7725079,0.07243641,7.0302887,-0.75906515,-0.124195576,7.0891943,-0.44461882,0.33885133,6.9645233,-0.7228636,0.37516743,6.794177,-0.7660417,-0.25319117,7.0480485,-0.73706496,0.465172,7.2064056,-0.7276069,0.69459456,7.0347586,-0.77239704,-0.30541402,7.0255127,-0.7063436,0.594088,7.215091,-0.69168293,0.76212543,6.9260926,-0.8570777,-0.50103456,7.0157967,-0.7617319,-0.44430536,7.061866,-0.88929546,-0.38626748,7.000909,-0.8398305,-0.57045865,6.971909,-0.712338,-0.52208155,7.0646043,-0.95308954,-0.38122106,6.927375,-0.58362985,-0.7277698,6.9717994,-0.7835261,-0.26947576,6.7770514,-0.7795114,-0.75105834,6.824379,-0.6860716,-0.50153404,6.806825,-0.86171865,-0.76285994,6.8331404,-0.6950936,-0.58382636,6.7978954
64,-0.72131014,-0.020887569,7.0550284,-0.6554622,0.062476546,7.093262,-0.76519287,0.07463171,7.0202184,-0.7518309,-0.122128725,7.078712,-0.43528557,0.33698088,6.9494033,-0.71545625,0.37511536,6.781273,-0.7582805,-0.25090116,7.0367885,-0.7271638,0.4704004,7.18814,-0.72227067,0.69142723,7.0258865,-0.7644512,-0.30297893,7.0138693,-0.69390446,0.5988839,7.1930776,-0.6870531,0.7611604,6.9183865,-0.84801114,-0.49902922,7.0031624,-0.75285286,-0.44203562,7.049292,-0.88095087,-0.38436085,6.9891167,-0.8302983,-0.56865,6.959774,-0.7035081,-0.51987547,7.0508566,-0.9448031,-0.37940186,6.915627,-0.57634425,-0.72689104,6.958878,-0.7766521,-0.26777354,6.7636395,-0.7707697,-0.754159,6.8102174,-0.6766396,-0.49947625,6.7870116,-0.85288537,-0.7662676,6.8194084,-0.6848234,-0.58174306,6.7770944
65,-0.7098334,-0.019003406,7.0485964,-0.64381003,0.06436017,7.0865273,-0.7535542,0.07648496,7.0134993,-0.74053216,-0.120109916,7.072623,-0.42024603,0.3345714,6.939794,-0.70597917,0.3746801,6.771269,-0.7466352,-0.24919355,7.0316143,-0.7084522,0.48386836,7.173538,-0.7191659,0.6844627,7.0238485,-0.75277865,-0.30143487,7.009063,-0.6671454,0.61008936,7.174307,-0.6810377,0.7603396,6.921632,-0.83608365,-0.49770826,7.0007186,-0.7408316,-0.44009918,7.045881,-0.86925125,-0.38324046,6.9856143,-0.81889296,-0.5675401,6.95746,-0.69061035,-0.5173569,7.048219,-0.9329498,-0.37711847,6.912079,-0.56556344,-0.7275595,6.9606733,-0.7653407,-0.26349843,6.760971,-0.759736,-0.7602944,6.8127875,-0.65044445,-0.48754627,6.7898903,-0.84198874,-0.77162963,6.8217363,-0.6503615,-0.5704613,6.7822576
66,-0.69868946,-0.015498221,7.045401,-0.63227725,0.0678357,7.0827136,-0.74223727,0.079961024,7.0100107,-0.72961634,-0.116396055,7.0700054,-0.4069322,0.33040386,6.9252224,-0.6999411,0.37553233,6.763621,-0.7351455,-0.24560846,7.029322,-0.6910331,0.49183667,7.155906,-0.7139333,0.68366826,7.0181637,-0.7412465,-0.29806346,7.0072603,-0.6462376,0.6167865,7.1514893,-0.67619073,0.7624073,6.9179893,-0.82519704,-0.4941306,7.0007324,-0.7302211,-0.4362455,7.046122,-0.8577673,-0.37976402,6.9836855,-0.8077024,-0.56402224,6.9576926,-0.68004584,-0.5134394,7.050588,-0.9203836,-0.37332582,6.9092526,-0.55625695,-0.72617644,6.9674892,-0.75127804,-0.25753123,6.7615004,-0.7483512,-0.7661062,6.81866,-0.62757814,-0.47575217,6.797734,-0.8307182,-0.7772567,6.826749,-0.6215806,-0.55860686,6.792051
67,-0.690196,-0.014043137,7.03882,-0.62351525,0.0692648,7.075709,-0.7335557,0.08138931,7.0031276,-0.7213411,-0.11476621,7.0638604,-0.39903492,0.3295479,6.913268,-0.6932982,0.37569112,6.754884,-0.7263289,-0.24374506,7.0223746,-0.6809046,0.49676356,7.1425653,-0.7068933,0.6833608,7.010011,-0.7323296,-0.29616386,7.0001993,-0.63475436,0.6210475,7.134677,-0.6693289,0.76265204,6.9102063,-0.81597567,-0.49233463,6.992924,-0.7213908,-0.43436506,7.0390177,-0.84857786,-0.37799606,6.975752,-0.79753,-0.5617683,6.9495416,-0.6710943,-0.5114542,7.043907,-0.9106014,-0.37128273,6.900849,-0.5483806,-0.72488785,6.9610004,-0.7413624,-0.25399366,6.754434,-0.73898,-0.7676389,6.811037,-0.61361957,-0.46918282,6.794562,-0.8211432,-0.7801689,6.819179,-0.6052025,-0.5518799,6.789713
68,-0.6812817,-0.013176978,7.051207,-0.61428577,0.06990169,7.088042,-0.7242114,0.082387306,7.015348,-0.71286887,-0.113735214,7.0763564,-0.3867252,0.3290199,6.928043,-0.68792635,0.374519,6.763949,-0.7176025,-0.24275963,7.0349827,-0.66410017,0.510938,7.1515555,-0.70446914,0.68155706,7.0196624,-0.7237857,-0.29524887,7.0130253,-0.6116539,0.63248354,7.140848,-0.6658571,0.7655415,6.92419,-0.80692244,-0.49160963,7.005069,-0.71227336,-0.43363214,7.05102,-0.8399254,-0.3772692,6.9886923,-0.78865415,-0.5603946,6.960592,-0.6617684,-0.51066923,7.0543256,-0.9019182,-0.3705845,6.913761,-0.5400593,-0.7232257,6.9677644,-0.73017466,-0.2519977,6.7713633,-0.7266708,-0.7746614,6.8155303,-0.5952791,-0.46408397,6.803882,-0.8087591,-0.7892286,6.820367,-0.58436286,-0.5463044,6.7965484
69,-0.66694444,-0.011237249,7.0443983,-0.6002522,0.07190001,7.08165,-0.71008956,0.08433257,7.008814,-0.6982831,-0.11197731,7.0691276,-0.36871248,0.32985637,6.925529,-0.68019634,0.37412548,6.7538905,-0.7019578,-0.24047211,7.0260334,-0.6413148,0.51861775,7.1492386,-0.69384843,0.6812804,7.009635,-0.70807797,-0.2927499,7.00356,-0.58593047,0.63850963,7.1351995,-0.65303767,0.7667749,6.916445,-0.79275477,-0.48836544,6.99371,-0.6982196,-0.43138084,7.0411153,-0.82458127,-0.3736833,6.9773946,-0.77395886,-0.5563935,6.9482985,-0.64902437,-0.50924194,7.0448403,-0.8852416,-0.36543396,6.9015346,-0.526297,-0.7202964,6.95607,-0.71170455,-0.24219501,6.765399,-0.71305954,-0.7816956,6.807764,-0.57383394,-0.45113042,6.8050547,-0.79402745,-0.80057085,6.8156385,-0.5633459,-0.5336205,6.8007483
70,-0.6592058,-0.008856401,7.037245,-0.5915537,0.07381022,7.0738063,-0.7019625,0.08700429,7.001975,-0.69106644,-0.10933915,7.0623507,-0.36138743,0.33006057,6.9129186,-0.6730195,0.38064837,6.7513866,-0.69470334,-0.23751691,7.0183196,-0.6239335,0.5280968,7.1406026,-0.6843187,0.69249094,7.0015106,-0.7009089,-0.28982288,6.9959354,-0.5674243,0.6469712,7.122878,-0.64017594,0.7782372,6.910087,-0.7850517,-0.48568466,6.98641,-0.6906215,-0.4283819,7.0336404,-0.8172162,-0.3711107,6.969998,-0.7649163,-0.55307424,6.9406223,-0.6417915,-0.5064974,7.036803,-0.877544,-0.36424533,6.893736,-0.5224411,-0.72035134,6.950154,-0.7023581,-0.24222592,6.7586174,-0.7044443,-0.7921519,6.800607,-0.5648986,-0.4527441,6.7905846,-0.7844867,-0.814798,6.8079863,-0.55407697,-0.5351366,6.785337
71,-0.649896,-0.007115409,7.054564,-0.58217794,0.075323045,7.0915165,-0.69243085,0.0889275,7.0195227,-0.68196684,-0.10762599,7.079288,-0.3461351,0.3282244,6.9338765,-0.66600364,0.3809144,6.7667294,-0.68537956,-0.23561054,7.034681,-0.6064879,0.53363806,7.157507,-0.6776939,0.69054276,7.0195713,-0.6916857,-0.28795978,7.0124264,-0.54706526,0.6508467,7.13828,-0.6357515,0.7777482,6.928493,-0.77667135,-0.48346063,7.0029683,-0.68210787,-0.4265084,7.0503554,-0.8082861,-0.36876914,6.98631,-0.7571758,-0.55215275,6.95887,-0.6331537,-0.50459206,7.0520353,-0.8673059,-0.3620384,6.9090195,-0.5184698,-0.7205292,6.9642572,-0.6886888,-0.23733759,6.781029,-0.69827366,-0.8003361,6.816115,-0.5417069,-0.44113842,6.814142,-0.77882904,-0.8214971,6.822208,-0.5239932,-0.52232635,6.80886
72,-0.63635415,-0.0065360814,7.0532565,-0.5683843,0.07613523,7.0892134,-0.6788173,0.08923824,7.017402,-0.66853356,-0.10674319,7.0790486,-0.32899216,0.32556888,6.9310994,-0.658054,0.38037252,6.7631016,-0.672646,-0.23472962,7.0345054,-0.5851954,0.54246116,7.1486,-0.6646204,0.69063014,7.015357,-0.67926776,-0.2869422,7.012023,-0.5228146,0.65760577,7.126488,-0.6223747,0.77636087,6.923027,-0.7653983,-0.4819017,7.00178,-0.67030925,-0.42576545,7.0490894,-0.7964358,-0.3669371,6.9859395,-0.74653876,-0.5511757,6.9583206,-0.62174654,-0.5041092,7.049647,-0.85547566,-0.3589493,6.9087844,-0.5083244,-0.7217403,6.9644513,-0.6767928,-0.22898409,6.7862387,-0.6866881,-0.8063335,6.817227,-0.5225836,-0.427584,6.8180585,-0.76752734,-0.825605,6.825455,-0.49949163,-0.50734,6.811822
73,-0.631374,-0.00653553,7.0542297,-0.56313884,0.07596399,7.0900784,-0.67368674,0.089350656,7.018497,-0.6637342,-0.10667698,7.0800505,-0.32216012,0.32171285,6.92864,-0.65523845,0.3812363,6.76488,-0.66764534,-0.23454703,7.0351567,-0.57471883,0.5469037,7.141928,-0.65863097,0.6923558,7.0161343,-0.6741833,-0.2867012,7.012514,-0.5100793,0.66025096,7.117175,-0.6167877,0.77693117,6.922564,-0.7599615,-0.48179418,7.0018635,-0.664992,-0.42557895,7.049319,-0.7911978,-0.36685503,6.98623,-0.7413818,-0.5512681,6.9586024,-0.61624885,-0.5038125,7.0494328,-0.849728,-0.3587491,6.9086995,-0.5042099,-0.7228024,6.965905,-0.6692198,-0.22977646,6.7877917,-0.67824674,-0.8108467,6.8155584,-0.5129352,-0.4266432,6.82025,-0.7591281,-0.8305092,6.822317,-0.48836568,-0.5058431,6.812709
74,-0.6210455,-0.003095448,7.052043,-0.5523162,0.078985974,7.0879073,-0.6633561,0.09313295,7.0172396,-0.653491,-0.103311375,7.0774646,-0.3084891,0.3198689,6.92344,-0.6462256,0.38186437,6.7599463,-0.6570612,-0.23065685,7.031076,-0.55574363,0.55665517,7.1302886,-0.6444101,0.6924944,7.0118217,-0.66341716,-0.28253126,7.0077496,-0.4871695,0.6670205,7.1027994,-0.6041487,0.777525,6.9179707,-0.7475952,-0.4781615,6.9945025,-0.6528907,-0.4218691,7.042394,-0.77986884,-0.36326754,6.980758,-0.7294671,-0.5476383,6.9510555,-0.6036685,-0.49977416,7.040302,-0.8374672,-0.35400736,6.9026613,-0.4949343,-0.72095203,6.9581842,-0.6561845,-0.22678326,6.7810616,-0.65952194,-0.81854886,6.8031664,-0.49281693,-0.4195311,6.800917,-0.74005306,-0.8401013,6.808097,-0.46944678,-0.4981314,6.7864604
75,-0.61122125,0.0010431856,7.067553,-0.542499,0.0829982,7.1037188,-0.65320253,0.09734921,7.032566,-0.64396167,-0.09911311,7.092831,-0.29454434,0.31619406,6.934415,-0.6415257,0.38958412,6.778949,-0.64664054,-0.22620809,7.0457015,-0.53709364,0.566779,7.130287,-0.63681155,0.6965189,7.035278,-0.65279716,-0.2780589,7.0222692,-0.4648827,0.6740111,7.099866,-0.5987867,0.7818751,6.9407916,-0.7379927,-0.4731382,7.0074906,-0.6440826,-0.4173714,7.0575137,-0.7691229,-0.35806173,6.9926767,-0.7184072,-0.5420527,6.963781,-0.5957536,-0.49586052,7.057115,-0.8244647,-0.34818292,6.9130387,-0.48767704,-0.7188088,6.979015,-0.64198834,-0.21952343,6.7947807,-0.6463191,-0.82289314,6.8220305,-0.47048283,-0.40399706,6.822892,-0.7269075,-0.84461975,6.824777,-0.4406873,-0.4807489,6.8104606
76,-0.6070838,0.00097568333,7.075039,-0.53825176,0.08283199,7.1112194,-0.6488825,0.0973366,7.0399847,-0.64000624,-0.099116504,7.1003346,-0.28904435,0.314623,6.9418254,-0.63907176,0.39205617,6.7891793,-0.6424902,-0.22614181,7.0530066,-0.5273458,0.5721774,7.133833,-0.63377964,0.6995597,7.044814,-0.648429,-0.27792478,7.0293694,-0.45290804,0.67788786,7.1034536,-0.596266,0.7844509,6.9497066,-0.7329073,-0.47321042,7.013259,-0.63940156,-0.41738006,7.0639644,-0.7643575,-0.3581662,6.9988775,-0.71249473,-0.5418489,6.969494,-0.5910344,-0.49584195,7.0630994,-0.81901866,-0.34775022,6.918839,-0.48428112,-0.71957207,6.985416,-0.6346564,-0.21727845,6.8055983,-0.6415283,-0.82704663,6.829316,-0.45922056,-0.39783236,6.83488,-0.72216886,-0.848575,6.832093,-0.42467666,-0.4727392,6.823529
77,-0.596695,0.0031569004,7.0799856,-0.5277344,0.08477293,7.1164627,-0.63803256,0.099666595,7.044794,-0.6300513,-0.09683196,7.105121,-0.27537405,0.31372368,6.947876,-0.63131636,0.39310098,6.792385,-0.6325813,-0.2236888,7.057346,-0.50728166,0.58341444,7.130837,-0.6254554,0.7027622,7.045389,-0.6383592,-0.27528793,7.0332704,-0.43022978,0.68652403,7.098126,-0.5892485,0.78758395,6.9497147,-0.7216656,-0.47080588,7.014156,-0.6289595,-0.4150715,7.066411,-0.75356275,-0.35576904,7.0007315,-0.6996857,-0.53896433,6.9703994,-0.580194,-0.49327314,7.064729,-0.8071259,-0.34423596,6.9201064,-0.47337443,-0.7154075,6.9826803,-0.62380606,-0.21161686,6.80767,-0.62622184,-0.8334627,6.8298883,-0.44210017,-0.38767767,6.8225174,-0.70591533,-0.8578268,6.8353124,-0.40667698,-0.46080995,6.804351
78,-0.58252776,0.005451843,7.068384,-0.5128002,0.0869157,7.103726,-0.62404424,0.10202532,7.0335803,-0.6158497,-0.09437835,7.0941873,-0.26014295,0.30833805,6.9257874,-0.62216514,0.39344034,6.778761,-0.6177216,-0.22067615,7.044924,-0.48197043,0.58956164,7.1038175,-0.60588306,0.71017146,7.022383,-0.6231507,-0.2719508,7.020086,-0.4025109,0.6892323,7.0665274,-0.57056653,0.7927294,6.924423,-0.7049137,-0.4676574,6.9967117,-0.6126641,-0.4123398,7.0502033,-0.7377088,-0.352611,6.9857607,-0.68151045,-0.5338619,6.950749,-0.5637848,-0.4903816,7.0461183,-0.79078174,-0.33981562,6.9050016,-0.46085602,-0.7129175,6.9602723,-0.6073517,-0.20309883,6.797774,-0.60584974,-0.83417004,6.8024135,-0.42154646,-0.37399644,6.820253,-0.6844176,-0.8624577,6.8034053,-0.38213468,-0.44540673,6.803507
79,-0.57638115,0.00778687,7.061196,-0.50634116,0.088902965,7.0967193,-0.61789036,0.10465144,7.0272017,-0.60975796,-0.09214614,7.0865254,-0.25326273,0.30705285,6.9153695,-0.61719924,0.39426208,6.7703276,-0.61123556,-0.21796767,7.036045,-0.4704256,0.5946258,7.0889525,-0.5976775,0.7139548,7.009808,-0.6165531,-0.26913553,7.010964,-0.38825038,0.69096655,7.048899,-0.56140894,0.79422563,6.9103074,-0.6973422,-0.46515226,6.986815,-0.60522413,-0.4096219,7.040313,-0.7307847,-0.35022748,6.9765677,-0.67333615,-0.5314188,6.941254,-0.55515575,-0.48685265,7.0353165,-0.78356254,-0.33666217,6.895741,-0.45426005,-0.70975053,6.948008,-0.59980524,-0.20025305,6.788682,-0.5950469,-0.8360261,6.7902794,-0.40842968,-0.36542618,6.806796,-0.67270905,-0.86667943,6.788537,-0.36789364,-0.4357983,6.7884183
80,-0.5661286,0.010351285,7.061599,-0.49634367,0.091171384,7.09828,-0.60771143,0.10753245,7.028613,-0.5993997,-0.089930415,7.0856576,-0.24119553,0.30858833,6.9189615,-0.60946035,0.39846832,6.773246,-0.59972256,-0.21484745,7.032959,-0.4537245,0.60348326,7.085867,-0.58707625,0.7177093,7.0130787,-0.604797,-0.26567456,7.0071454,-0.3690335,0.69659555,7.043486,-0.550655,0.79831195,6.9139023,-0.6859134,-0.46116692,6.9800253,-0.59418106,-0.4065081,7.0350614,-0.71891123,-0.34603494,6.9707036,-0.6617148,-0.52749324,6.934654,-0.54518354,-0.48444128,7.030365,-0.7710588,-0.3312018,6.889691,-0.4446122,-0.70906246,6.947197,-0.58678436,-0.19252154,6.7865086,-0.5799074,-0.8388953,6.787562,-0.39295527,-0.35502297,6.8025856,-0.6569629,-0.870644,6.7822175,-0.35085002,-0.42452586,6.7844296
81,-0.55413413,0.013703719,7.068384,-0.48406202,0.094528854,7.104502,-0.59567124,0.11084075,7.0352116,-0.58749056,-0.08643079,7.0929327,-0.22642407,0.3091945,6.9254293,-0.60221815,0.40418518,6.7826934,-0.5877329,-0.21152666,7.04066,-0.43096244,0.61316323,7.085916,-0.5734952,0.7236093,7.021605,-0.5928364,-0.26236293,7.01487,-0.34315646,0.70254767,7.041881,-0.5416932,0.8032663,6.920103,-0.67452383,-0.45757696,6.987461,-0.5828385,-0.40322372,7.0428762,-0.7070745,-0.34233245,6.9779596,-0.65053177,-0.5247022,6.9431677,-0.53427505,-0.4814169,7.037996,-0.7583159,-0.3264667,6.896565,-0.43616632,-0.7069372,6.9543214,-0.5739994,-0.18560115,6.796464,-0.56702185,-0.8446052,6.797576,-0.37352312,-0.3401269,6.809346,-0.64268005,-0.8794068,6.7913494,-0.3280051,-0.4075373,6.7915387
82,-0.5483265,0.012673661,7.072907,-0.47811568,0.093391925,7.108995,-0.5898208,0.109886035,7.0399017,-0.5817426,-0.08745301,7.0974064,-0.21916714,0.3082053,6.9320016,-0.5975926,0.40376264,6.7880383,-0.5817732,-0.2123431,7.044643,-0.41939202,0.61547244,7.0916443,-0.5682455,0.7239468,7.025854,-0.5867717,-0.26304373,7.018567,-0.3303523,0.7038729,7.048103,-0.5361695,0.8035496,6.924396,-0.667645,-0.45843655,6.9900403,-0.5758781,-0.40408176,7.0453196,-0.7008405,-0.34328455,6.981722,-0.64405006,-0.5258344,6.945948,-0.5261952,-0.48145902,7.038934,-0.7521012,-0.3262214,6.9005823,-0.43001464,-0.7071783,6.9535747,-0.56714237,-0.1846174,6.8027334,-0.5552135,-0.84780747,6.7948503,-0.36405045,-0.335685,6.8156605,-0.62965894,-0.8845783,6.7859135,-0.3175242,-0.40230203,6.7974772
83,-0.5389485,0.015099525,7.0853376,-0.46851462,0.09563674,7.1213956,-0.5809384,0.1125117,7.0535717,-0.57194585,-0.0852889,7.1093283,-0.20999414,0.30937466,6.942485,-0.592059,0.40775162,6.803434,-0.5716437,-0.20934151,7.0546255,-0.40078974,0.62307626,7.101158,-0.55871344,0.7258563,7.043503,-0.576588,-0.2597127,7.027909,-0.30994517,0.70915544,7.0567036,-0.5267086,0.8061048,6.9425316,-0.6573009,-0.45497024,6.9980335,-0.565012,-0.4010287,7.0528464,-0.6908883,-0.33981746,6.9914875,-0.63450795,-0.5224723,6.9536796,-0.51473176,-0.47781056,7.044312,-0.74252075,-0.32177633,6.910796,-0.4198714,-0.7035903,6.957645,-0.5562679,-0.17964642,6.8162193,-0.54209465,-0.8491479,6.801059,-0.34907627,-0.3248697,6.8309417,-0.6149947,-0.8883486,6.78997,-0.30075437,-0.39073336,6.814813
84,-0.52755105,0.017481342,7.0845165,-0.45661783,0.09757483,7.1205835,-0.56949776,0.1152233,7.0537214,-0.560656,-0.082972765,7.10808,-0.19736111,0.30898103,6.939976,-0.5833247,0.41339082,6.8072176,-0.5602977,-0.20676449,7.05279,-0.37706143,0.6336645,7.089232,-0.54432887,0.7315974,7.046298,-0.56489444,-0.25688022,7.0255365,-0.28342903,0.7152674,7.0421944,-0.5140198,0.81276035,6.945535,-0.6441045,-0.4524646,6.9938326,-0.55218065,-0.39833823,7.049075,-0.6786028,-0.33752105,6.988451,-0.6211623,-0.5200597,6.949698,-0.5012404,-0.4745653,7.0395403,-0.7301489,-0.31870416,6.9078817,-0.40832937,-0.7019135,6.954885,-0.54441875,-0.17499635,6.8146715,-0.52260613,-0.85277736,6.797323,-0.32874018,-0.30788502,6.822304,-0.5935159,-0.89427626,6.7823653,-0.27666798,-0.36996827,6.8031383
85,-0.5215159,0.019274384,7.0953484,-0.4503714,0.0990407,7.131723,-0.56336105,0.11726132,7.0652003,-0.5547419,-0.08125679,7.1184072,-0.19120356,0.3109222,6.9515457,-0.5788262,0.4171914,6.8209424,-0.5539856,-0.20465545,7.062249,-0.36533624,0.63903457,7.0998993,-0.53618526,0.7347354,7.0602813,-0.5583207,-0.25461608,7.03467,-0.27020514,0.7188985,7.0528846,-0.50740653,0.8170992,6.9600453,-0.6366817,-0.45027035,7.0013304,-0.5452635,-0.39617008,7.0574307,-0.67153805,-0.33541292,6.99644,-0.61369145,-0.5177167,6.956993,-0.49393478,-0.47210068,7.0476174,-0.7220987,-0.31605107,6.9153767,-0.40154916,-0.70043075,6.9650564,-0.53646636,-0.16936804,6.826717,-0.51519346,-0.8553254,6.810987,-0.31957144,-0.29994923,6.838551,-0.5860587,-0.8970937,6.7965784,-0.2661986,-0.36121923,6.820372
86,-0.50942063,0.021905378,7.081376,-0.43822646,0.10159099,7.1178303,-0.55165124,0.11999209,7.0521026,-0.5422969,-0.07884076,7.103994,-0.18015045,0.30873585,6.9307117,-0.56802976,0.41986728,6.807837,-0.5409331,-0.20144448,7.046132,-0.34438282,0.6429356,7.0767493,-0.52160335,0.7359878,7.048353,-0.5451611,-0.2511453,7.018071,-0.24666739,0.7189002,7.028587,-0.49482635,0.818002,6.9472795,-0.6231896,-0.44645682,6.9820495,-0.53209,-0.39294723,7.039224,-0.6581224,-0.33157822,6.9783454,-0.59956217,-0.5122613,6.9356294,-0.480698,-0.46890315,7.029953,-0.70871747,-0.31081674,6.8976507,-0.3910118,-0.69972515,6.951444,-0.5251017,-0.16124126,6.8096266,-0.5026895,-0.8581605,6.7995524,-0.30497432,-0.28649232,6.8191657,-0.5718153,-0.90217745,6.7834835,-0.25002393,-0.34618488,6.8004465
87,-0.49520922,0.025658071,7.0593853,-0.42322677,0.105109766,7.094787,-0.5373939,0.1238679,7.0304604,-0.5282199,-0.07490645,7.0826077,-0.16659325,0.30475044,6.897788,-0.55457723,0.42134166,6.7833304,-0.5270985,-0.19758351,7.024896,-0.31811917,0.644842,7.043961,-0.50327677,0.73886794,7.0209875,-0.53121144,-0.24725153,6.99676,-0.21802092,0.71553177,6.992757,-0.48062548,0.8191345,6.91753,-0.6079503,-0.44301778,6.960438,-0.51715696,-0.38900226,7.017624,-0.6436654,-0.32837188,6.9569926,-0.5833204,-0.5083367,6.913853,-0.4647761,-0.46421868,7.0078697,-0.69370157,-0.30691224,6.8761325,-0.37620375,-0.695493,6.929427,-0.5121824,-0.15494706,6.7878532,-0.48420534,-0.86223584,6.783903,-0.28786832,-0.272914,6.786477,-0.55114543,-0.90933543,6.767328,-0.23223662,-0.3306951,6.764125
88,-0.4874494,0.027924761,7.0597625,-0.41521835,0.1073226,7.0947766,-0.5298368,0.12617844,7.0312862,-0.52029586,-0.07267529,7.0830636,-0.16022256,0.30428368,6.8930116,-0.54838026,0.42379355,6.784425,-0.5189169,-0.19517756,7.0249877,-0.3037395,0.64745015,7.0400777,-0.49584448,0.74025434,7.0232306,-0.5230075,-0.24483687,6.996833,-0.20342588,0.7165187,6.987113,-0.47384843,0.8209539,6.9199686,-0.5995872,-0.44069755,6.960684,-0.5087628,-0.3865664,7.017711,-0.6354347,-0.32609218,6.957266,-0.57493395,-0.50598484,6.9140673,-0.45622286,-0.46166956,7.007941,-0.6852828,-0.3040383,6.8764496,-0.36875975,-0.69356954,6.930103,-0.5039902,-0.1504929,6.790469,-0.47321203,-0.8626057,6.7846336,-0.27789688,-0.26497144,6.7870955,-0.53936625,-0.91037357,6.766859,-0.22179195,-0.32227492,6.764697
89,-0.47667438,0.030773938,7.0534863,-0.40412578,0.1102014,7.087769,-0.5190709,0.12897652,7.024848,-0.5095431,-0.069679126,7.0773826,-0.15096658,0.3054284,6.882045,-0.53861326,0.42535317,6.776578,-0.5076098,-0.19199865,7.0189385,-0.28414676,0.6564607,7.0199876,-0.4828293,0.7445466,7.010969,-0.51168597,-0.24169983,6.9908557,-0.18263024,0.7208875,6.963577,-0.45966578,0.82575244,6.9083614,-0.58801305,-0.4375493,6.954117,-0.49734384,-0.3834635,7.011433,-0.6239637,-0.32297045,6.950897,-0.56281483,-0.5025966,6.907456,-0.444954,-0.45872504,7.0020847,-0.6738446,-0.30015153,6.870314,-0.35672516,-0.6913809,6.927432,-0.493314,-0.1448798,6.785844,-0.456209,-0.86307913,6.7815986,-0.264601,-0.2534411,6.774025,-0.52069616,-0.9121526,6.7614174,-0.20706898,-0.30846173,6.749613
90,-0.463561,0.033005908,7.050676,-0.3904372,0.11222108,7.08422,-0.50649995,0.13139048,7.023508,-0.49595952,-0.06763175,7.074437,-0.13681057,0.30675054,6.8784103,-0.52955115,0.43060783,6.7789745,-0.49397823,-0.18948445,7.0150275,-0.2601838,0.66425955,7.0086226,-0.4691626,0.7500142,7.01193,-0.49793616,-0.23892948,6.9864793,-0.1572114,0.7236078,6.949352,-0.44754162,0.8325074,6.910015,-0.57288724,-0.43505254,6.9483914,-0.48195672,-0.38078597,7.0051203,-0.6099726,-0.32079825,6.9470687,-0.5477688,-0.49994907,6.901479,-0.4292557,-0.4555864,6.9939895,-0.66054785,-0.29660913,6.867322,-0.33929932,-0.68801975,6.920718,-0.48127702,-0.13952732,6.7835183,-0.43298012,-0.86801887,6.7811866,-0.24835971,-0.2377601,6.7652225,-0.49656612,-0.9193145,6.763876,-0.18922561,-0.2900693,6.738764
91,-0.45504993,0.03215359,7.02687,-0.38132676,0.11103217,7.0598907,-0.49795556,0.1307577,7.000456,-0.48752004,-0.06845456,7.0506587,-0.12724513,0.30324522,6.8524723,-0.52569735,0.43441534,6.7619567,-0.48607332,-0.1897909,6.990186,-0.24484572,0.666891,6.970459,-0.45836908,0.75402546,6.9927206,-0.48994717,-0.23888049,6.9610195,-0.13899764,0.721971,6.9121413,-0.4387996,0.8389867,6.8924317,-0.56478584,-0.4347877,6.921622,-0.47373226,-0.3808608,6.978477,-0.6020149,-0.3205728,6.9213324,-0.53944486,-0.49894077,6.8738146,-0.42075866,-0.45531094,6.966337,-0.65233654,-0.2959894,6.841546,-0.33042467,-0.68800706,6.8943753,-0.47341585,-0.13950953,6.755888,-0.4227875,-0.87163544,6.758749,-0.24034797,-0.23735622,6.7374415,-0.4844619,-0.9256903,6.742988,-0.17979231,-0.28861928,6.7121773
92,-0.44511762,0.0352668,7.0552464,-0.37089407,0.11410414,7.087229,-0.48770854,0.1338242,7.028157,-0.47792193,-0.06498122,7.0800743,-0.11657116,0.30384314,6.877837,-0.5194346,0.43842605,6.7913656,-0.4768916,-0.18683827,7.0206494,-0.22432077,0.67512196,6.980458,-0.4474273,0.757646,7.021255,-0.4808082,-0.23608589,6.9917564,-0.11840209,0.72781026,6.920094,-0.428524,0.8461176,6.923917,-0.555831,-0.4319601,6.9525456,-0.46483067,-0.3780566,7.009508,-0.59290004,-0.3176943,6.951965,-0.5308024,-0.4967643,6.905457,-0.41102436,-0.451845,6.996996,-0.64235806,-0.29290402,6.871704,-0.32186234,-0.6854814,6.9266376,-0.46273363,-0.1365006,6.7873898,-0.40824506,-0.8757406,6.7963142,-0.22598143,-0.22283518,6.7603784,-0.46673524,-0.9327194,6.77881,-0.16458902,-0.27034092,6.7302566
93,-0.43361723,0.039216474,7.059842,-0.3593252,0.11792305,7.091987,-0.47590128,0.1378394,7.0325117,-0.46672413,-0.060933203,7.084665,-0.10263091,0.30611002,6.884094,-0.5081027,0.44363812,6.797333,-0.46456516,-0.18261772,7.024918,-0.20319608,0.679806,6.985222,-0.42968273,0.76457024,7.0226955,-0.4681039,-0.23190078,6.9960365,-0.09622219,0.72961307,6.924276,-0.40861377,0.85146534,6.924387,-0.54154205,-0.42817774,6.955852,-0.45142198,-0.37379506,7.013751,-0.57930696,-0.31414124,6.95507,-0.5158275,-0.49304804,6.909227,-0.39686218,-0.4470977,7.001653,-0.6277964,-0.2891132,6.874294,-0.3089939,-0.68190956,6.933619,-0.449272,-0.13001236,6.792735,-0.38874495,-0.87615037,6.804953,-0.20932756,-0.20804814,6.7688193,-0.44417378,-0.93595254,6.7869134,-0.14720485,-0.25508484,6.7394686
94,-0.42591646,0.040562376,7.051643,-0.3512636,0.11897391,7.0836725,-0.46778426,0.13934328,7.0242424,-0.45944694,-0.0594182,7.0765786,-0.09448162,0.3049101,6.873872,-0.5003264,0.444026,6.7876654,-0.4571305,-0.18090877,7.0164437,-0.19322264,0.67985594,6.97213,-0.4172709,0.7660448,7.0097947,-0.46048015,-0.23003393,6.9872723,-0.08533648,0.72658503,6.91036,-0.3975599,0.85142183,6.909887,-0.533105,-0.4261334,6.944808,-0.44369188,-0.37202966,7.004049,-0.57109153,-0.31216824,6.9445295,-0.50684774,-0.49051774,6.897813,-0.3888839,-0.44517422,6.992118,-0.618346,-0.28618205,6.863325,-0.3024597,-0.6808477,6.9252224,-0.43941033,-0.12635636,6.7841187,-0.37836933,-0.8766457,6.7965927,-0.19823489,-0.20110324,6.76216,-0.43153524,-0.93815625,6.777516,-0.13474241,-0.24651515,6.7331834
95,-0.41365042,0.04415159,7.0507894,-0.33884817,0.12263572,7.0822883,-0.4558783,0.14290105,7.023832,-0.4468367,-0.05590096,7.0758963,-0.08315238,0.30706054,6.8698435,-0.4922213,0.44896156,6.789598,-0.44383386,-0.17703986,7.0150867,-0.17322125,0.6862909,6.9596257,-0.40074366,0.7711655,7.0081205,-0.44693717,-0.22603068,6.985663,-0.064480156,0.7290399,6.896487,-0.38366714,0.85673046,6.9078894,-0.51875496,-0.42188138,6.940748,-0.42996332,-0.36814082,7.0012407,-0.55699944,-0.30800313,6.9412255,-0.49197325,-0.48508054,6.8924584,-0.37613297,-0.44212043,6.9900293,-0.6042253,-0.2819262,6.8600335,-0.28961977,-0.67907685,6.927954,-0.42800838,-0.11795446,6.783243,-0.36264876,-0.8755904,6.798749,-0.18494684,-0.18620875,6.7609425,-0.4141691,-0.93776864,6.777451,-0.11904389,-0.22827744,6.7323036
96,-0.40064782,0.048358694,7.04531,-0.32579756,0.12687649,7.0766106,-0.44290033,0.14707704,7.018277,-0.43381187,-0.051657557,7.0705905,-0.07073462,0.30687383,6.859655,-0.4788623,0.45326573,6.784152,-0.4300195,-0.17297381,7.0101795,-0.1481728,0.69135207,6.938197,-0.3861606,0.7742579,7.0039387,-0.4326118,-0.22187963,6.9805655,-0.038771927,0.72741807,6.8720965,-0.36819056,0.859197,6.9033318,-0.50227815,-0.41814336,6.934092,-0.4141966,-0.3639125,6.9951825,-0.5417074,-0.304675,6.9352784,-0.4754204,-0.48127005,6.8857493,-0.35986078,-0.43728563,6.9825172,-0.5887053,-0.27851793,6.8539796,-0.27554524,-0.67327785,6.9140725,-0.41556877,-0.10929239,6.7817135,-0.34252703,-0.87288,6.7863336,-0.16978894,-0.16663003,6.7584844,-0.38962448,-0.9386132,6.7654753,-0.10168496,-0.20374405,6.7281933
97,-0.39424896,0.050274476,7.039843,-0.3193982,0.1285918,7.0716405,-0.43655825,0.14916933,7.0135546,-0.4273573,-0.049931645,7.064435,-0.064581275,0.3078517,6.853788,-0.47347426,0.4540247,6.7778435,-0.42339352,-0.1706889,7.0029254,-0.13665926,0.69229627,6.93743,-0.3786658,0.7743699,6.9976754,-0.42581484,-0.21932566,6.9728575,-0.02658549,0.7272413,6.871846,-0.36077023,0.8592197,6.89698,-0.494965,-0.4151739,6.9239254,-0.4073314,-0.3614819,6.986126,-0.5345292,-0.30176598,6.9260316,-0.467948,-0.47854513,6.8759933,-0.35298598,-0.43480927,6.973239,-0.5808239,-0.27453554,6.844682,-0.2697313,-0.6714238,6.905649,-0.40720588,-0.10304266,6.7792387,-0.33523232,-0.87325776,6.7806797,-0.16029622,-0.1576742,6.76233,-0.3811642,-0.93997765,6.760362,-0.09063244,-0.19350147,6.7341075
98,-0.38212574,0.053537056,7.0232735,-0.306943,0.13195962,7.054011,-0.42468014,0.15233926,6.997032,-0.41500247,-0.04656607,7.0485854,-0.053311974,0.30806953,6.83224,-0.46215433,0.45353407,6.7567477,-0.4106017,-0.16704068,6.986553,-0.11465973,0.6950667,6.912605,-0.36278364,0.7746941,6.973352,-0.41283867,-0.21548235,6.9561577,-0.003744483,0.72472405,6.845845,-0.34728247,0.85889053,6.8717155,-0.48070115,-0.4115739,6.9064045,-0.3930206,-0.35756272,6.9682612,-0.52122307,-0.2985314,6.9096437,-0.45398694,-0.47538233,6.8588843,-0.33813357,-0.43014395,6.953572,-0.5676025,-0.27062333,6.8285723,-0.25652245,-0.6656126,6.880222,-0.39573538,-0.09816635,6.7610736,-0.31621295,-0.8697683,6.7561164,-0.14794004,-0.14472559,6.7352934,-0.35809734,-0.9390431,6.7356033,-0.07866517,-0.17835903,6.7036242
99,-0.37217376,0.0566815,7.0250225,-0.29634595,0.13480848,7.0549164,-0.41488406,0.15568389,6.999809,-0.40490294,-0.043441743,7.050446,-0.044489413,0.31030884,6.8306537,-0.45481694,0.45961773,6.7634006,-0.4007002,-0.1630558,6.9867563,-0.095727175,0.7011461,6.8985505,-0.35203263,0.7809173,6.9781976,-0.40283567,-0.2111443,6.955798,0.015137225,0.72669744,6.830032,-0.3408705,0.8628737,6.8741884,-0.46949652,-0.4064662,6.901592,-0.38218716,-0.35334134,6.964728,-0.51068914,-0.29376578,6.9073296,-0.44272453,-0.46967405,6.8533077,-0.32693508,-0.42545652,6.949139,-0.5570707,-0.26415992,6.8268642,-0.24681407,-0.6622087,6.878321,-0.38607022,-0.0899775,6.761632,-0.3004014,-0.86930406,6.756318,-0.13659641,-0.12679636,6.7362924,-0.34019688,-0.93993855,6.736289,-0.064221114,-0.15389317,6.7052965
100,-0.36540797,0.057256177,7.015204,-0.28911343,0.13496697,7.044995,-0.40784085,0.15652093,6.99056,-0.39841652,-0.0428243,7.0404334,-0.038396746,0.30850965,6.8179493,-0.4480767,0.46025613,6.753948,-0.39426082,-0.16208741,6.9760866,-0.08212009,0.7011455,6.8805127,-0.34233508,0.78128874,6.9677057,-0.39620003,-0.20988113,6.9446626,0.028789937,0.72393274,6.8110986,-0.32959628,0.8641957,6.864636,-0.4618708,-0.40501145,6.88859,-0.3749174,-0.35205677,6.9523573,-0.50358844,-0.2925559,6.8952613,-0.43444058,-0.468105,6.8405266,-0.31943923,-0.42398408,6.936704,-0.55001163,-0.26207766,6.815146,-0.23828235,-0.6605135,6.866323,-0.3778688,-0.088305205,6.7518544,-0.2883268,-0.8687743,6.7448,-0.1284829,-0.119549125,6.719214,-0.32573342,-0.94092095,6.725573,-0.057531565,-0.14516476,6.683959
101,-0.35333917,0.060145393,7.004906,-0.27729782,0.13826463,7.034273,-0.39621007,0.15915163,6.979982,-0.38590464,-0.039972514,7.0305595,-0.02824375,0.31133568,6.805048,-0.43613106,0.4640531,6.7448215,-0.38093027,-0.15889177,6.9656367,-0.060379088,0.7057322,6.863423,-0.32822126,0.78592944,6.9562135,-0.38265294,-0.2064679,6.9338717,0.05105254,0.72500855,6.793781,-0.31519708,0.86891294,6.853241,-0.44814608,-0.40134928,6.876736,-0.36111704,-0.34865376,6.9406147,-0.49003127,-0.28900746,6.884223,-0.4210636,-0.46485487,6.829019,-0.3055438,-0.4202995,6.9240346,-0.5364861,-0.25779447,6.80441,-0.22469488,-0.6567515,6.8530416,-0.36584932,-0.08174348,6.7433777,-0.2707562,-0.8677237,6.7346616,-0.11537473,-0.10500416,6.712453,-0.30687279,-0.94052887,6.7154503,-0.04239109,-0.12785783,6.679525
102,-0.34035075,0.06272043,6.993079,-0.26454282,0.14052022,7.023864,-0.38301736,0.16198617,6.9688463,-0.373124,-0.037655085,7.0174284,-0.014563262,0.31264436,6.794933,-0.42226666,0.46533245,6.7315702,-0.36722258,-0.15580842,6.9511976,-0.03527537,0.709134,6.843471,-0.31197703,0.7883551,6.939965,-0.36861202,-0.20309964,6.918994,0.075888425,0.7226875,6.772074,-0.29666978,0.8708966,6.836951,-0.43309787,-0.3976976,6.8597836,-0.34685817,-0.3452873,6.9249544,-0.47528955,-0.28549454,6.8676243,-0.40592453,-0.4613869,6.812364,-0.2907442,-0.41656706,6.90862,-0.5210691,-0.25393078,6.787559,-0.20917563,-0.6534195,6.8398185,-0.35426658,-0.0736728,6.7282305,-0.25087774,-0.8692694,6.7288475,-0.1035116,-0.08618212,6.6935844,-0.28244412,-0.9447017,6.711889,-0.030781627,-0.105453014,6.6579175
103,-0.33354673,0.06346749,6.991933,-0.25758862,0.14117494,7.02258,-0.37624127,0.16279618,6.968009,-0.3662918,-0.03692913,7.016233,-0.008676469,0.312709,6.792049,-0.41737577,0.46703595,6.732201,-0.36067846,-0.15502918,6.9498825,-0.024899334,0.7086642,6.846319,-0.3041437,0.7887502,6.941041,-0.362034,-0.20213947,6.9174128,0.08659756,0.72032857,6.7751083,-0.2908668,0.8702831,6.836948,-0.42660737,-0.39649796,6.857516,-0.340402,-0.34436274,6.922952,-0.46871763,-0.28428596,6.865659,-0.39915726,-0.4601122,6.810155,-0.28438625,-0.4157012,6.906537,-0.5141722,-0.25187767,6.7857466,-0.20285231,-0.6522056,6.8365083,-0.348021,-0.06978935,6.7303076,-0.24099225,-0.86858404,6.7252855,-0.09716749,-0.07677528,6.6948304,-0.27078348,-0.94466424,6.708012,-0.024155438,-0.093581975,6.6584997
104,-0.32487655,0.0677876,7.00818,-0.24867836,0.145372,7.038542,-0.36753747,0.16718927,6.9845004,-0.35765427,-0.03257808,7.0325637,0.0022561252,0.3192578,6.8119993,-0.40870786,0.47454917,6.7527804,-0.35152695,-0.1506361,6.9661837,-0.005102277,0.7167369,6.8561034,-0.29010278,0.7983738,6.9552803,-0.3525877,-0.19775769,6.93372,0.10663548,0.7229938,6.7845902,-0.2817478,0.8778602,6.8491135,-0.41601422,-0.39205578,6.872418,-0.3305374,-0.33993343,6.938813,-0.45855942,-0.28001818,6.8807,-0.38790038,-0.45493862,6.8244734,-0.27489942,-0.41174284,6.9231853,-0.50378,-0.24748865,6.800704,-0.19484112,-0.6493809,6.8553257,-0.3397343,-0.06323215,6.746166,-0.22829255,-0.86620677,6.743467,-0.08897576,-0.061422944,6.709399,-0.2563635,-0.94292665,6.7261415,-0.014919341,-0.07398158,6.6734676
105,-0.31269458,0.07217671,7.0006227,-0.23669375,0.14996964,7.0309453,-0.35553747,0.17145038,6.9767356,-0.34528887,-0.028218418,7.0251303,0.014741451,0.32486856,6.8057423,-0.39547125,0.47968644,6.7459655,-0.33825225,-0.1464364,6.9591265,0.017920494,0.7235364,6.8380327,-0.27328068,0.80505776,6.9438,-0.3389865,-0.19349885,6.926568,0.12923577,0.72473264,6.765603,-0.26496783,0.88405895,6.8372684,-0.4014148,-0.38809273,6.8651795,-0.3161096,-0.33555076,6.9314647,-0.44458693,-0.2763104,6.873666,-0.37197816,-0.45071658,6.8176923,-0.26036656,-0.40722892,6.915611,-0.49058634,-0.24306598,6.794411,-0.17968628,-0.64400244,6.845503,-0.3306958,-0.054031104,6.744046,-0.20897533,-0.86169827,6.734168,-0.08041179,-0.043553174,6.7055364,-0.23189846,-0.94054675,6.718952,-0.0063432753,-0.0526855,6.668609
106,-0.306551,0.07394008,6.9972854,-0.23067561,0.15178323,7.027793,-0.34966272,0.17321163,6.973878,-0.33887252,-0.026628673,7.02144,0.020154059,0.32586724,6.8012867,-0.3900429,0.48240885,6.744475,-0.3312772,-0.14478284,6.955384,0.02842635,0.7245519,6.8324475,-0.26575884,0.8091186,6.938768,-0.3319741,-0.19189203,6.922892,0.13965765,0.72343683,6.7598877,-0.25961378,0.88776946,6.831831,-0.39417535,-0.3866436,6.8617735,-0.3087895,-0.33389407,6.9277897,-0.43755412,-0.2749468,6.8703313,-0.3650692,-0.44934112,6.81418,-0.25283518,-0.4053948,6.9118786,-0.48378927,-0.24120289,6.7914257,-0.17351171,-0.6425368,6.8414683,-0.3258276,-0.050221443,6.7423334,-0.19855615,-0.85982853,6.728323,-0.075479105,-0.034231573,6.70621,-0.22084796,-0.9386526,6.712077,-0.00095525384,-0.041970283,6.6698856
107,-0.2943671,0.07738231,6.995079,-0.21857023,0.15563798,7.0247135,-0.3381111,0.17640059,6.971772,-0.32604071,-0.023257494,7.0197897,0.02919957,0.32977927,6.794908,-0.38043967,0.48459536,6.7413735,-0.3185277,-0.14156544,6.954,0.0473859,0.72912645,6.8083253,-0.25538224,0.8110024,6.9356794,-0.31934634,-0.1887568,6.9216304,0.15812704,0.7220744,6.735351,-0.25118786,0.8888143,6.828037,-0.38133895,-0.38382947,6.8613296,-0.2954471,-0.33064687,6.926334,-0.42513543,-0.27233052,6.870328,-0.35208666,-0.44676286,6.8141384,-0.23898906,-0.40157294,6.9096494,-0.4728262,-0.23838061,6.7923827,-0.15836708,-0.6363578,6.833083,-0.31844682,-0.044516772,6.743192,-0.1821281,-0.85395193,6.720243,-0.06906505,-0.018359542,6.7063217,-0.20205507,-0.9336258,6.7051077,0.005837232,-0.021579951,6.670094
108,-0.282351,0.08164756,6.9946704,-0.20627221,0.16006187,7.0231404,-0.3266974,0.18057814,6.9721427,-0.31338584,-0.019084215,7.019813,0.03853774,0.33731186,6.7925406,-0.37086618,0.49466392,6.7502,-0.30608827,-0.13755271,6.9542885,0.069950104,0.73604804,6.789126,-0.24247393,0.8191704,6.945512,-0.30697754,-0.18483618,6.9220557,0.18030295,0.7238045,6.7162495,-0.24228944,0.8979137,6.838466,-0.36814022,-0.38013148,6.861628,-0.28203607,-0.3265689,6.926037,-0.41263825,-0.26897776,6.871421,-0.33873332,-0.44271684,6.814071,-0.22561297,-0.3975308,6.909386,-0.46216986,-0.23508114,6.7946086,-0.14568254,-0.633531,6.835893,-0.31213182,-0.037573278,6.7464933,-0.16556892,-0.8536548,6.7272897,-0.06376955,-0.0008429289,6.7118244,-0.18262929,-0.9341982,6.713297,0.012355536,0.0022825897,6.678233
109,-0.27630273,0.083745494,6.999567,-0.19983725,0.16182807,7.0279126,-0.32063094,0.1829038,6.9780264,-0.30733556,-0.017082334,7.024324,0.043972462,0.33846122,6.795785,-0.36617842,0.4996317,6.760155,-0.30012873,-0.13520247,6.9581637,0.079370946,0.7368213,6.7890835,-0.23169193,0.82512355,6.9496384,-0.30085427,-0.18220502,6.9255185,0.18995753,0.72182906,6.7170806,-0.23578751,0.90282834,6.841914,-0.3608896,-0.3772789,6.8632727,-0.27513728,-0.3238288,6.9282417,-0.4060067,-0.26646426,6.8740287,-0.33108565,-0.43976966,6.8158393,-0.21844171,-0.39449134,6.9112473,-0.45558465,-0.23193857,6.7975273,-0.13709247,-0.6299615,6.8376117,-0.3060008,-0.033222705,6.7531147,-0.15241787,-0.8519707,6.7321515,-0.057810143,0.00885579,6.723692,-0.16640414,-0.93346274,6.7204256,0.018677086,0.014140695,6.691212
110,-0.26494777,0.08560647,7.0118504,-0.18843547,0.16367069,7.0401196,-0.30985942,0.18481876,6.99182,-0.2953496,-0.015576422,7.0359325,0.05379343,0.34631133,6.8110056,-0.35894662,0.5039141,6.778213,-0.28872818,-0.13322738,6.968881,0.09891325,0.7436557,6.802611,-0.2223145,0.82893074,6.966976,-0.2897542,-0.1800586,6.9359984,0.20946538,0.7252845,6.7313414,-0.23050198,0.9072038,6.8598986,-0.34980875,-0.37501767,6.8734126,-0.26344234,-0.3215904,6.937582,-0.39522362,-0.2644491,6.8853793,-0.32000074,-0.43821022,6.8269205,-0.20625162,-0.39169094,6.919932,-0.44572282,-0.22853848,6.810128,-0.12026745,-0.6255981,6.8465815,-0.29772368,-0.028068393,6.7683687,-0.13081568,-0.85003006,6.745766,-0.052413434,0.026862204,6.7361135,-0.14214835,-0.9322828,6.736815,0.023002714,0.036519915,6.702168
111,-0.25200486,0.08876063,7.006362,-0.17476833,0.16671732,7.032906,-0.29749984,0.18805227,6.988121,-0.2816804,-0.012566835,7.0307403,0.063518465,0.3506387,6.8007035,-0.3508404,0.51154053,6.782283,-0.27653798,-0.13028592,6.963679,0.11874956,0.7466104,6.788675,-0.21378137,0.8334186,6.9760475,-0.2778752,-0.17695352,6.9305754,0.22750986,0.7256247,6.715399,-0.23305166,0.9133215,6.8716283,-0.33826652,-0.37173286,6.867754,-0.2510916,-0.3184053,6.9309053,-0.38384324,-0.26138672,6.881081,-0.30791324,-0.43520543,6.8220024,-0.1936239,-0.38801977,6.912259,-0.43543285,-0.22333398,6.8076444,-0.10508041,-0.6202253,6.8365836,-0.29002324,-0.019929916,6.7713313,-0.11166939,-0.8441247,6.7342587,-0.04817854,0.04848501,6.7386904,-0.12207013,-0.92637193,6.7241945,0.026109308,0.06442961,6.704628
112,-0.24450512,0.08951758,6.9891458,-0.16663098,0.1671629,7.014722,-0.29032493,0.18901151,6.9729323,-0.27369985,-0.012034088,7.0131693,0.07004142,0.34827504,6.778692,-0.3468902,0.51444423,6.7710586,-0.26927233,-0.12922463,6.945138,0.12854189,0.7435275,6.7601967,-0.2008692,0.83350474,6.962928,-0.27055404,-0.17533481,6.91126,0.23566401,0.72102433,6.6849833,-0.22982022,0.912636,6.8601694,-0.33071908,-0.36969554,6.8469434,-0.24325675,-0.31668282,6.9099617,-0.37659162,-0.25965798,6.861727,-0.30075315,-0.4332617,6.801066,-0.18598832,-0.3860802,6.8899436,-0.42804515,-0.22020149,6.788939,-0.0952231,-0.6155169,6.808663,-0.28353322,-0.015744686,6.755034,-0.09947193,-0.8395654,6.70654,-0.043266058,0.057987228,6.7223206,-0.10703425,-0.9223428,6.69849,0.02997768,0.0757826,6.6869392
